rank,item,train_count,cum_share,group
1,49,421,0.005948764324370152,head
2,180,370,0.01117689449068121,head
3,257,368,0.01637676449393113,head
4,99,364,0.021520114171058768,head
5,293,352,0.02649390286981956,head
6,285,345,0.03136878099786636,head
7,287,340,0.036173008718260305,head
8,0,325,0.040765285215695696,head
9,299,307,0.04510322024558082,head
10,120,304,0.04939876503087423,head
11,173,288,0.05346822851167851,head
12,55,287,0.057523561910952224,head
13,6,286,0.06156476522869537,head
14,126,281,0.06553531813878566,head
15,97,275,0.06942109055969253,head
16,116,273,0.07327860281753826,head
17,236,271,0.07710785491232285,head
18,221,264,0.08083819643639344,head
19,78,256,0.08445549730821947,head
20,171,254,0.08804453801698436,head
21,203,254,0.09163357872574925,head
22,312,252,0.09519435927145299,head
23,172,247,0.09868448940950389,head
24,150,242,0.10210396913990194,head
25,404,236,0.10543866838111655,head
26,209,232,0.1087168472962089,head
27,268,232,0.11199502621130124,head
28,747,230,0.11524494496333244,head
29,317,227,0.11845247347077192,head
30,327,225,0.12163174181515027,head
31,422,221,0.12475448983340634,head
32,68,218,0.1278348476070707,head
33,117,218,0.13091520538073503,head
34,167,218,0.1339955631543994,head
35,256,218,0.13707592092806375,head
36,215,217,0.14014214862019753,head
37,194,214,0.14316598606773961,head
38,275,214,0.14618982351528167,head
39,233,211,0.14917127071823205,head
40,301,211,0.1521527179211824,head
41,8,210,0.1551200350426022,head
42,24,206,0.1580308318378997,head
43,182,206,0.16094162863319722,head
44,201,203,0.16381003518390302,head
45,14,202,0.16666431165307824,head
46,95,202,0.16951858812225346,head
47,21,201,0.1723587345098981,head
48,88,201,0.1751988808975428,head
49,110,195,0.17795424679600402,head
50,63,193,0.1806813525314041,head
51,175,192,0.18339432818527363,head
52,190,191,0.18609317375761258,head
53,11,189,0.1887637591668904,head
54,27,188,0.19142021449463764,head
55,274,188,0.19407666982238486,head
56,134,186,0.196704864987071,head
57,267,186,0.19933306015175709,head
58,10,183,0.20191886507185147,head
59,288,183,0.20450466999194586,head
60,244,182,0.20707634483050968,head
61,96,181,0.20963388958754292,head
62,227,181,0.21219143434457616,head
63,185,180,0.21473484902007883,head
64,741,180,0.21727826369558154,head
65,69,179,0.21980754828955362,head
66,81,179,0.22233683288352574,head
67,474,179,0.22486611747749785,head
68,143,178,0.22738127198993938,head
69,545,177,0.22988229642085034,head
70,131,174,0.2323409306071696,head
71,181,174,0.23479956479348885,head
72,322,174,0.23725819897980813,head
73,124,172,0.23968857300306623,head
74,152,172,0.24211894702632433,head
75,195,171,0.24453519096805187,head
76,281,171,0.24695143490977942,head
77,237,168,0.24932528860691527,head
78,434,168,0.2516991423040511,head
79,300,167,0.2540588659196564,head
80,495,167,0.25641858953526164,head
81,184,166,0.2587641830693363,head
82,193,166,0.261109776603411,head
83,196,166,0.2634553701374857,head
84,264,164,0.26577270350849924,head
85,356,163,0.2680759067979822,head
86,482,163,0.2703791100874652,head
87,160,162,0.2726681832954176,head
88,332,162,0.27495725650337005,head
89,384,161,0.27723219962979184,head
90,654,161,0.2795071427562137,head
91,87,159,0.2817538257195744,head
92,7,158,0.2839863786014045,head
93,272,157,0.28620480140170407,head
94,133,156,0.28840909412047305,head
95,178,156,0.29061338683924204,head
96,270,156,0.292817679558011,head
97,567,156,0.29502197227678006,head
98,677,156,0.29722626499554905,head
99,94,155,0.2994164276327874,head
100,70,153,0.3015783301069647,head
101,507,152,0.3037261024996114,head
102,470,151,0.3058597448107276,head
103,283,150,0.30797925704031315,head
104,426,150,0.3100987692698987,head
105,214,149,0.31220415141795366,head
106,321,149,0.31430953356600866,head
107,207,148,0.3164007856325331,head
108,249,146,0.31846377753599636,head
109,186,145,0.3205126393579291,head
110,229,145,0.3225615011798618,head
111,602,145,0.3246103630017945,head
112,142,144,0.32664509474219666,head
113,273,144,0.3286798264825988,head
114,297,144,0.33071455822300094,head
115,3,143,0.3327351598818725,head
116,179,143,0.3347557615407441,head
117,199,143,0.3367763631996157,medium
118,402,143,0.33879696485848726,medium
119,526,143,0.3408175665173588,medium
120,210,142,0.3428240380946998,medium
121,339,140,0.34480224950897964,medium
122,234,138,0.34675220076019836,medium
123,514,138,0.34870215201141713,medium
124,596,138,0.35065210326263585,medium
125,174,135,0.35255966426926283,medium
126,123,134,0.35445309519435925,medium
127,12,133,0.35633239603792516,medium
128,306,133,0.358211696881491,medium
129,473,133,0.36009099772505687,medium
130,587,132,0.36195616848709217,medium
131,271,131,0.3638072091675969,medium
132,366,131,0.36565824984810164,medium
133,208,130,0.36749516044707575,medium
134,282,130,0.3693320710460499,medium
135,392,130,0.3711689816450241,medium
136,478,130,0.37300589224399827,medium
137,513,130,0.3748428028429724,medium
138,22,129,0.376665583360416,medium
139,23,128,0.378474233796329,medium
140,136,128,0.38028288423224205,medium
141,187,128,0.38209153466815504,medium
142,590,128,0.38390018510406804,medium
143,13,127,0.38569470545845047,medium
144,325,127,0.38748922581283296,medium
145,57,126,0.38926961608568483,medium
146,146,126,0.3910500063585367,medium
147,479,126,0.3928303966313886,medium
148,98,125,0.3945966568227099,medium
149,198,125,0.39636291701403115,medium
150,581,125,0.39812917720535246,medium
151,627,125,0.39989543739667377,medium
152,844,125,0.4016616975879951,medium
153,82,124,0.40341382769778583,medium
154,750,123,0.40515182772604597,medium
155,251,122,0.4068756976727756,medium
156,284,122,0.40859956761950517,medium
157,565,122,0.41032343756623474,medium
158,228,121,0.4120331774314338,medium
159,318,121,0.4137429172966328,medium
160,326,121,0.41545265716183183,medium
161,401,121,0.41716239702703084,medium
162,442,121,0.41887213689222985,medium
163,258,120,0.4205677466758983,medium
164,314,120,0.42226335645956675,medium
165,738,120,0.4239589662432352,medium
166,202,119,0.4256404459453731,medium
167,254,119,0.427321925647511,medium
168,450,119,0.42900340534964887,medium
169,153,117,0.4306566248887256,medium
170,522,117,0.43230984442780235,medium
171,731,117,0.4339630639668791,medium
172,192,116,0.43560215342442526,medium
173,225,116,0.4372412428819714,medium
174,65,115,0.438866202257987,medium
175,691,115,0.44049116163400265,medium
176,149,114,0.4421019909284877,medium
177,217,114,0.4437128202229727,medium
178,431,114,0.44532364951745773,medium
179,432,114,0.44693447881194276,medium
180,132,113,0.4485311780248972,medium
181,320,113,0.45012787723785164,medium
182,409,113,0.4517245764508061,medium
183,461,113,0.45332127566376057,medium
184,650,113,0.45491797487671504,medium
185,1027,113,0.4565146740896695,medium
186,155,112,0.4580972432210934,medium
187,418,112,0.45967981235251726,medium
188,475,112,0.46126238148394116,medium
189,85,111,0.46283082053383445,medium
190,238,111,0.4643992595837278,medium
191,303,111,0.46596769863362114,medium
192,163,110,0.46752200760198387,medium
193,226,110,0.4690763165703466,medium
194,292,110,0.4706306255387094,medium
195,410,110,0.4721849345070721,medium
196,689,110,0.47373924347543483,medium
197,30,109,0.47527942236226706,medium
198,41,109,0.4768196012490992,medium
199,497,109,0.4783597801359314,medium
200,762,109,0.47989995902276356,medium
201,430,108,0.48142600782806516,medium
202,510,108,0.48295205663336677,medium
203,653,108,0.48447810543866837,medium
204,549,107,0.4859900241624394,medium
205,309,106,0.4874878128046799,medium
206,93,105,0.48897147136538976,medium
207,684,105,0.4904551299260997,medium
208,76,104,0.491924658405279,medium
209,247,104,0.4933941868844583,medium
210,54,103,0.4948495852821071,medium
211,239,103,0.49630498367975584,medium
212,683,103,0.4977603820774046,medium
213,67,102,0.49920165039352277,medium
214,331,102,0.500642918709641,medium
215,454,102,0.5020841870257592,medium
216,471,101,0.5035113252603467,medium
217,280,100,0.5049243334134038,medium
218,346,100,0.5063373415664608,medium
219,357,100,0.5077503497195179,medium
220,417,100,0.5091633578725749,medium
221,222,99,0.5105622359441014,medium
222,704,99,0.5119611140156278,medium
223,230,98,0.5133458620056238,medium
224,656,98,0.5147306099956197,medium
225,1046,98,0.5161153579856156,medium
226,176,96,0.5174718458125503,medium
227,240,96,0.5188283336394851,medium
228,86,95,0.5201706913848892,medium
229,197,95,0.5215130491302935,medium
230,71,94,0.5228412767941671,medium
231,90,94,0.5241695044580407,medium
232,204,94,0.5254977321219143,medium
233,483,94,0.526825959785788,medium
234,527,94,0.5281541874496616,medium
235,749,94,0.5294824151135352,medium
236,46,93,0.5307965126958782,medium
237,108,93,0.5321106102782213,medium
238,595,93,0.5334247078605644,medium
239,734,93,0.5347388054429074,medium
240,128,92,0.5360387729437199,medium
241,189,92,0.5373387404445323,medium
242,248,92,0.5386387079453449,medium
243,302,92,0.5399386754461574,medium
244,379,92,0.5412386429469698,medium
245,1015,92,0.5425386104477823,medium
246,147,91,0.5438244478670642,medium
247,324,91,0.5451102852863461,medium
248,530,91,0.546396122705628,medium
249,558,91,0.5476819601249099,medium
250,52,90,0.5489536674626613,medium
251,168,90,0.5502253748004126,medium
252,232,90,0.551497082138164,medium
253,323,90,0.5527687894759152,medium
254,446,90,0.5540404968136666,medium
255,500,90,0.5553122041514179,medium
256,503,90,0.5565839114891693,medium
257,519,90,0.5578556188269206,medium
258,878,90,0.559127326164672,medium
259,183,89,0.5603849034208928,medium
260,216,89,0.5616424806771135,medium
261,269,89,0.5629000579333343,medium
262,659,89,0.5641576351895551,medium
263,47,88,0.5654010823642452,medium
264,241,88,0.5666445295389354,medium
265,242,88,0.5678879767136257,medium
266,290,88,0.5691314238883158,medium
267,342,88,0.570374871063006,medium
268,472,88,0.5716183182376963,medium
269,484,88,0.5728617654123864,medium
270,755,88,0.5741052125870766,medium
271,61,87,0.5753345296802362,medium
272,37,86,0.5765497166918653,medium
273,259,86,0.5777649037034943,medium
274,291,86,0.5789800907151235,medium
275,427,85,0.5801811476452219,medium
276,1,84,0.5813680744937898,medium
277,115,84,0.5825550013423577,medium
278,520,84,0.5837419281909256,medium
279,630,84,0.5849288550394935,medium
280,662,84,0.5861157818880615,medium
281,745,84,0.5873027087366294,medium
282,407,83,0.5884755055036668,medium
283,509,83,0.5896483022707041,medium
284,525,83,0.5908210990377415,medium
285,814,83,0.5919938958047788,medium
286,177,82,0.5931525624902856,medium
287,212,82,0.5943112291757924,medium
288,245,82,0.5954698958612992,medium
289,508,82,0.5966285625468059,medium
290,330,81,0.5977730991507821,medium
291,448,81,0.5989176357547583,medium
292,481,81,0.6000621723587345,medium
293,681,81,0.6012067089627107,medium
294,746,81,0.602351245566687,medium
295,927,81,0.6034957821706631,medium
296,64,80,0.6046261886931088,medium
297,91,80,0.6057565952155544,medium
298,121,80,0.606887001738,medium
299,218,80,0.6080174082604457,medium
300,658,80,0.6091478147828913,medium
301,92,79,0.6102640912238063,medium
302,169,79,0.6113803676647215,medium
303,761,79,0.6124966441056365,medium
304,72,78,0.613598790465021,medium
305,156,78,0.6147009368244055,medium
306,191,78,0.61580308318379,medium
307,224,78,0.6169052295431745,medium
308,381,78,0.6180073759025589,medium
309,420,78,0.6191095222619435,medium
310,469,78,0.6202116686213279,medium
311,476,78,0.6213138149807125,medium
312,125,77,0.6224018312585664,medium
313,345,77,0.6234898475364203,medium
314,708,77,0.6245778638142742,medium
315,894,76,0.6256517500105976,medium
316,315,75,0.6267115061253904,medium
317,865,75,0.6277712622401831,medium
318,918,75,0.6288310183549759,medium
319,135,74,0.6298766443882381,medium
320,263,74,0.6309222704215003,medium
321,380,74,0.6319678964547626,medium
322,707,74,0.6330135224880248,medium
323,66,73,0.6340450184397564,medium
324,122,73,0.635076514391488,medium
325,213,73,0.6361080103432197,medium
326,231,73,0.6371395062949513,medium
327,305,73,0.638171002246683,medium
328,316,73,0.6392024981984146,medium
329,428,73,0.6402339941501463,medium
330,477,73,0.6412654901018778,medium
331,678,73,0.6422969860536095,medium
332,32,72,0.6433143519238106,medium
333,53,72,0.6443317177940117,medium
334,158,72,0.6453490836642127,medium
335,80,70,0.6463381893713527,medium
336,506,70,0.6473272950784926,medium
337,925,70,0.6483164007856326,medium
338,1011,70,0.6493055064927724,medium
339,130,69,0.6502804821183819,medium
340,355,69,0.6512554577439912,medium
341,377,69,0.6522304333696005,medium
342,664,69,0.65320540899521,medium
343,692,69,0.6541803846208193,medium
344,1010,69,0.6551553602464286,medium
345,9,68,0.6561162057905074,medium
346,28,68,0.6570770513345862,medium
347,289,68,0.658037896878665,medium
348,429,68,0.6589987424227438,medium
349,447,68,0.6599595879668225,medium
350,516,68,0.6609204335109014,medium
351,548,68,0.6618812790549802,medium
352,553,68,0.6628421245990589,medium
353,743,68,0.6638029701431377,medium
354,161,67,0.6647496856056859,medium
355,651,67,0.6656964010682341,medium
356,754,67,0.6666431165307823,medium
357,51,66,0.6675757019118,medium
358,154,66,0.6685082872928176,long_tail
359,162,66,0.6694408726738353,long_tail
360,304,66,0.6703734580548529,long_tail
361,695,66,0.6713060434358706,long_tail
362,1013,66,0.6722386288168882,long_tail
363,211,65,0.6731570841163753,long_tail
364,435,65,0.6740755394158624,long_tail
365,577,65,0.6749939947153495,long_tail
366,38,64,0.6758983199333061,long_tail
367,311,64,0.6768026451512625,long_tail
368,403,64,0.677706970369219,long_tail
369,660,64,0.6786112955871756,long_tail
370,672,64,0.6795156208051321,long_tail
371,89,63,0.680405815941558,long_tail
372,337,63,0.6812960110779839,long_tail
373,575,63,0.6821862062144098,long_tail
374,641,63,0.6830764013508358,long_tail
375,661,63,0.6839665964872618,long_tail
376,698,63,0.6848567916236876,long_tail
377,824,63,0.6857469867601136,long_tail
378,2,62,0.6866230518150089,long_tail
379,825,62,0.6874991168699044,long_tail
380,200,61,0.6883610518432691,long_tail
381,286,61,0.689222986816634,long_tail
382,294,61,0.6900849217899987,long_tail
383,424,61,0.6909468567633635,long_tail
384,635,61,0.6918087917367283,long_tail
385,639,61,0.6926707267100931,long_tail
386,780,61,0.693532661683458,long_tail
387,863,61,0.6943945966568227,long_tail
388,987,61,0.6952565316301875,long_tail
389,16,60,0.6961043365220217,long_tail
390,31,60,0.696952141413856,long_tail
391,50,60,0.6977999463056902,long_tail
392,58,60,0.6986477511975244,long_tail
393,151,60,0.6994955560893586,long_tail
394,279,60,0.7003433609811929,long_tail
395,419,60,0.7011911658730271,long_tail
396,457,60,0.7020389707648613,long_tail
397,603,60,0.7028867756566956,long_tail
398,716,60,0.7037345805485298,long_tail
399,398,59,0.7045682553588334,long_tail
400,518,59,0.7054019301691371,long_tail
401,528,59,0.7062356049794407,long_tail
402,819,59,0.7070692797897444,long_tail
403,822,59,0.707902954600048,long_tail
404,929,59,0.7087366294103516,long_tail
405,62,58,0.7095561741391248,long_tail
406,400,58,0.7103757188678979,long_tail
407,688,58,0.711195263596671,long_tail
408,830,58,0.7120148083254441,long_tail
409,870,58,0.7128343530542172,long_tail
410,1038,58,0.7136538977829902,long_tail
411,4,57,0.7144593124302328,long_tail
412,20,57,0.7152647270774752,long_tail
413,48,57,0.7160701417247177,long_tail
414,310,57,0.7168755563719603,long_tail
415,411,57,0.7176809710192028,long_tail
416,505,57,0.7184863856664453,long_tail
417,529,57,0.7192918003136878,long_tail
418,624,57,0.7200972149609304,long_tail
419,709,57,0.7209026296081729,long_tail
420,43,56,0.7216939141738847,long_tail
421,464,56,0.7224851987395967,long_tail
422,543,56,0.7232764833053087,long_tail
423,714,56,0.7240677678710206,long_tail
424,1100,56,0.7248590524367325,long_tail
425,25,55,0.7256362069209139,long_tail
426,100,55,0.7264133614050953,long_tail
427,353,55,0.7271905158892766,long_tail
428,385,55,0.7279676703734581,long_tail
429,719,55,0.7287448248576395,long_tail
430,777,55,0.7295219793418208,long_tail
431,1073,55,0.7302991338260022,long_tail
432,105,54,0.731062158228653,long_tail
433,433,54,0.7318251826313038,long_tail
434,512,54,0.7325882070339546,long_tail
435,675,54,0.7333512314366054,long_tail
436,723,54,0.7341142558392562,long_tail
437,728,54,0.734877280241907,long_tail
438,791,54,0.7356403046445578,long_tail
439,872,54,0.7364033290472086,long_tail
440,220,53,0.7371522233683289,long_tail
441,416,53,0.7379011176894491,long_tail
442,517,53,0.7386500120105693,long_tail
443,628,53,0.7393989063316896,long_tail
444,649,53,0.7401478006528097,long_tail
445,686,53,0.74089669497393,long_tail
446,923,53,0.7416455892950502,long_tail
447,1034,53,0.7423944836161704,long_tail
448,44,52,0.7431292478557602,long_tail
449,496,52,0.7438640120953498,long_tail
450,524,52,0.7445987763349394,long_tail
451,583,52,0.7453335405745292,long_tail
452,779,52,0.7460683048141188,long_tail
453,968,52,0.7468030690537084,long_tail
454,144,51,0.7475237032117675,long_tail
455,159,51,0.7482443373698267,long_tail
456,206,51,0.7489649715278858,long_tail
457,298,51,0.7496856056859448,long_tail
458,568,51,0.7504062398440039,long_tail
459,657,51,0.751126874002063,long_tail
460,735,51,0.7518475081601221,long_tail
461,460,50,0.7525540122366506,long_tail
462,515,50,0.7532605163131791,long_tail
463,557,50,0.7539670203897076,long_tail
464,933,50,0.7546735244662361,long_tail
465,19,49,0.7553658984612341,long_tail
466,113,49,0.756058272456232,long_tail
467,140,49,0.75675064645123,long_tail
468,164,49,0.757443020446228,long_tail
469,166,49,0.7581353944412259,long_tail
470,580,49,0.7588277684362239,long_tail
471,646,49,0.7595201424312218,long_tail
472,958,49,0.7602125164262198,long_tail
473,1008,49,0.7609048904212178,long_tail
474,59,48,0.7615831343346852,long_tail
475,127,48,0.7622613782481525,long_tail
476,170,48,0.7629396221616199,long_tail
477,480,48,0.7636178660750873,long_tail
478,486,48,0.7642961099885547,long_tail
479,789,48,0.7649743539020221,long_tail
480,992,48,0.7656525978154894,long_tail
481,79,47,0.7663167116474262,long_tail
482,104,47,0.766980825479363,long_tail
483,188,47,0.7676449393112998,long_tail
484,261,47,0.7683090531432366,long_tail
485,344,47,0.7689731669751735,long_tail
486,408,47,0.7696372808071102,long_tail
487,415,47,0.7703013946390471,long_tail
488,449,47,0.7709655084709839,long_tail
489,467,47,0.7716296223029206,long_tail
490,605,47,0.7722937361348575,long_tail
491,626,47,0.7729578499667943,long_tail
492,706,47,0.7736219637987312,long_tail
493,886,47,0.7742860776306679,long_tail
494,938,47,0.7749501914626047,long_tail
495,60,46,0.775600175213011,long_tail
496,219,46,0.7762501589634172,long_tail
497,276,46,0.7769001427138235,long_tail
498,370,46,0.7775501264642297,long_tail
499,386,46,0.778200110214636,long_tail
500,468,46,0.7788500939650421,long_tail
501,504,46,0.7795000777154484,long_tail
502,618,46,0.7801500614658546,long_tail
503,879,46,0.7808000452162609,long_tail
504,930,46,0.7814500289666672,long_tail
505,75,45,0.7820858826355428,long_tail
506,277,45,0.7827217363044184,long_tail
507,391,45,0.7833575899732942,long_tail
508,498,45,0.7839934436421698,long_tail
509,632,45,0.7846292973110455,long_tail
510,712,45,0.7852651509799211,long_tail
511,1040,45,0.7859010046487969,long_tail
512,1047,45,0.7865368583176725,long_tail
513,119,44,0.7871585819050176,long_tail
514,253,44,0.7877803054923627,long_tail
515,383,44,0.7884020290797078,long_tail
516,451,44,0.7890237526670529,long_tail
517,485,44,0.789645476254398,long_tail
518,487,44,0.7902671998417431,long_tail
519,490,44,0.7908889234290882,long_tail
520,511,44,0.7915106470164333,long_tail
521,560,44,0.7921323706037784,long_tail
522,594,44,0.7927540941911235,long_tail
523,615,44,0.7933758177784686,long_tail
524,740,44,0.7939975413658137,long_tail
525,839,44,0.7946192649531588,long_tail
526,854,44,0.7952409885405038,long_tail
527,945,44,0.795862712127849,long_tail
528,18,43,0.7964703056336635,long_tail
529,39,43,0.797077899139478,long_tail
530,107,43,0.7976854926452925,long_tail
531,491,43,0.7982930861511071,long_tail
532,534,43,0.7989006796569216,long_tail
533,537,43,0.7995082731627361,long_tail
534,552,43,0.8001158666685507,long_tail
535,606,43,0.8007234601743652,long_tail
536,715,43,0.8013310536801798,long_tail
537,736,43,0.8019386471859943,long_tail
538,846,43,0.8025462406918088,long_tail
539,462,42,0.8031397041160927,long_tail
540,501,42,0.8037331675403767,long_tail
541,608,42,0.8043266309646606,long_tail
542,726,42,0.8049200943889446,long_tail
543,769,42,0.8055135578132285,long_tail
544,976,42,0.8061070212375125,long_tail
545,1118,42,0.8067004846617964,long_tail
546,333,41,0.8072798180045498,long_tail
547,368,41,0.8078591513473032,long_tail
548,390,41,0.8084384846900566,long_tail
549,440,41,0.80901781803281,long_tail
550,493,41,0.8095971513755634,long_tail
551,614,41,0.8101764847183168,long_tail
552,647,41,0.8107558180610702,long_tail
553,753,41,0.8113351514038236,long_tail
554,948,41,0.811914484746577,long_tail
555,141,40,0.8124796880077998,long_tail
556,165,40,0.8130448912690226,long_tail
557,413,40,0.8136100945302455,long_tail
558,601,40,0.8141752977914682,long_tail
559,682,40,0.814740501052691,long_tail
560,739,40,0.8153057043139139,long_tail
561,826,40,0.8158709075751367,long_tail
562,891,40,0.8164361108363595,long_tail
563,1072,40,0.8170013140975824,long_tail
564,84,39,0.8175523872772746,long_tail
565,139,39,0.8181034604569668,long_tail
566,341,39,0.8186545336366591,long_tail
567,405,39,0.8192056068163514,long_tail
568,492,39,0.8197566799960436,long_tail
569,494,39,0.8203077531757358,long_tail
570,540,39,0.8208588263554281,long_tail
571,671,39,0.8214098995351203,long_tail
572,701,39,0.8219609727148126,long_tail
573,805,39,0.8225120458945048,long_tail
574,812,39,0.823063119074197,long_tail
575,832,39,0.8236141922538893,long_tail
576,897,39,0.8241652654335816,long_tail
577,940,39,0.8247163386132738,long_tail
578,488,38,0.8252532817114355,long_tail
579,489,38,0.8257902248095972,long_tail
580,569,38,0.8263271679077588,long_tail
581,663,38,0.8268641110059205,long_tail
582,721,38,0.8274010541040822,long_tail
583,840,38,0.8279379972022438,long_tail
584,848,38,0.8284749403004056,long_tail
585,922,38,0.8290118833985672,long_tail
586,941,38,0.8295488264967289,long_tail
587,56,37,0.8300716395133599,long_tail
588,157,37,0.8305944525299911,long_tail
589,243,37,0.8311172655466222,long_tail
590,394,37,0.8316400785632533,long_tail
591,455,37,0.8321628915798844,long_tail
592,523,37,0.8326857045965155,long_tail
593,685,37,0.8332085176131466,long_tail
594,788,37,0.8337313306297778,long_tail
595,885,37,0.8342541436464088,long_tail
596,1187,37,0.83477695666304,long_tail
597,101,36,0.8352856395981405,long_tail
598,538,36,0.835794322533241,long_tail
599,631,36,0.8363030054683416,long_tail
600,648,36,0.8368116884034421,long_tail
601,674,36,0.8373203713385426,long_tail
602,711,36,0.8378290542736432,long_tail
603,1016,36,0.8383377372087437,long_tail
604,1227,36,0.8388464201438443,long_tail
605,26,35,0.8393409729974142,long_tail
606,551,35,0.8398355258509842,long_tail
607,670,35,0.8403300787045541,long_tail
608,720,35,0.840824631558124,long_tail
609,809,35,0.8413191844116941,long_tail
610,944,35,0.841813737265264,long_tail
611,138,34,0.8422941600373034,long_tail
612,338,34,0.8427745828093428,long_tail
613,395,34,0.8432550055813822,long_tail
614,696,34,0.8437354283534216,long_tail
615,767,34,0.844215851125461,long_tail
616,770,34,0.8446962738975003,long_tail
617,928,34,0.8451766966695398,long_tail
618,947,34,0.8456571194415792,long_tail
619,955,34,0.8461375422136186,long_tail
620,1064,34,0.846617964985658,long_tail
621,1066,34,0.8470983877576974,long_tail
622,223,33,0.8475646804482062,long_tail
623,260,33,0.848030973138715,long_tail
624,465,33,0.8484972658292238,long_tail
625,539,33,0.8489635585197327,long_tail
626,541,33,0.8494298512102415,long_tail
627,637,33,0.8498961439007503,long_tail
628,748,33,0.8503624365912591,long_tail
629,808,33,0.850828729281768,long_tail
630,876,33,0.8512950219722768,long_tail
631,920,33,0.8517613146627856,long_tail
632,974,33,0.8522276073532944,long_tail
633,1006,33,0.8526939000438033,long_tail
634,296,32,0.8531460626527815,long_tail
635,335,32,0.8535982252617598,long_tail
636,362,32,0.8540503878707381,long_tail
637,365,32,0.8545025504797162,long_tail
638,372,32,0.8549547130886945,long_tail
639,412,32,0.8554068756976728,long_tail
640,574,32,0.855859038306651,long_tail
641,613,32,0.8563112009156293,long_tail
642,727,32,0.8567633635246076,long_tail
643,730,32,0.8572155261335858,long_tail
644,871,32,0.857667688742564,long_tail
645,1007,32,0.8581198513515423,long_tail
646,1117,32,0.8585720139605205,long_tail
647,1134,32,0.8590241765694988,long_tail
648,42,31,0.8594622090969465,long_tail
649,106,31,0.8599002416243942,long_tail
650,205,31,0.8603382741518418,long_tail
651,343,31,0.8607763066792895,long_tail
652,443,31,0.8612143392067372,long_tail
653,466,31,0.8616523717341849,long_tail
654,561,31,0.8620904042616326,long_tail
655,619,31,0.8625284367890803,long_tail
656,622,31,0.862966469316528,long_tail
657,673,31,0.8634045018439757,long_tail
658,751,31,0.8638425343714233,long_tail
659,759,31,0.864280566898871,long_tail
660,771,31,0.8647185994263187,long_tail
661,818,31,0.8651566319537664,long_tail
662,823,31,0.865594664481214,long_tail
663,931,31,0.8660326970086617,long_tail
664,951,31,0.8664707295361094,long_tail
665,1133,31,0.8669087620635572,long_tail
666,1141,31,0.8673467945910048,long_tail
667,329,30,0.8677706970369219,long_tail
668,349,30,0.8681945994828391,long_tail
669,655,30,0.8686185019287561,long_tail
670,687,30,0.8690424043746733,long_tail
671,875,30,0.8694663068205903,long_tail
672,889,30,0.8698902092665075,long_tail
673,895,30,0.8703141117124246,long_tail
674,943,30,0.8707380141583417,long_tail
675,1024,30,0.8711619166042588,long_tail
676,1049,30,0.871585819050176,long_tail
677,1090,30,0.872009721496093,long_tail
678,1196,30,0.8724336239420102,long_tail
679,29,29,0.8728433963063967,long_tail
680,40,29,0.8732531686707832,long_tail
681,235,29,0.8736629410351697,long_tail
682,265,29,0.8740727133995563,long_tail
683,364,29,0.8744824857639428,long_tail
684,406,29,0.8748922581283294,long_tail
685,502,29,0.8753020304927159,long_tail
686,546,29,0.8757118028571025,long_tail
687,585,29,0.876121575221489,long_tail
688,588,29,0.8765313475858756,long_tail
689,609,29,0.8769411199502621,long_tail
690,621,29,0.8773508923146487,long_tail
691,768,29,0.8777606646790352,long_tail
692,845,29,0.8781704370434218,long_tail
693,874,29,0.8785802094078082,long_tail
694,962,29,0.8789899817721948,long_tail
695,983,29,0.8793997541365813,long_tail
696,1009,29,0.8798095265009679,long_tail
697,1043,29,0.8802192988653544,long_tail
698,1045,29,0.880629071229741,long_tail
699,1109,29,0.8810388435941275,long_tail
700,1220,29,0.8814486159585141,long_tail
701,15,28,0.88184425824137,long_tail
702,354,28,0.8822399005242261,long_tail
703,363,28,0.882635542807082,long_tail
704,369,28,0.8830311850899379,long_tail
705,371,28,0.883426827372794,long_tail
706,784,28,0.8838224696556499,long_tail
707,793,28,0.8842181119385059,long_tail
708,880,28,0.8846137542213619,long_tail
709,899,28,0.8850093965042178,long_tail
710,1058,28,0.8854050387870738,long_tail
711,1078,28,0.8858006810699298,long_tail
712,1209,28,0.8861963233527858,long_tail
713,250,27,0.8865778355541112,long_tail
714,348,27,0.8869593477554365,long_tail
715,367,27,0.8873408599567619,long_tail
716,636,27,0.8877223721580874,long_tail
717,638,27,0.8881038843594128,long_tail
718,640,27,0.8884853965607381,long_tail
719,645,27,0.8888669087620635,long_tail
720,760,27,0.889248420963389,long_tail
721,782,27,0.8896299331647144,long_tail
722,843,27,0.8900114453660397,long_tail
723,924,27,0.8903929575673651,long_tail
724,942,27,0.8907744697686906,long_tail
725,1050,27,0.891155981970016,long_tail
726,1062,27,0.8915374941713413,long_tail
727,1097,27,0.8919190063726667,long_tail
728,1138,27,0.8923005185739922,long_tail
729,378,26,0.892667900693787,long_tail
730,566,26,0.8930352828135818,long_tail
731,572,26,0.8934026649333766,long_tail
732,584,26,0.8937700470531715,long_tail
733,611,26,0.8941374291729663,long_tail
734,652,26,0.8945048112927612,long_tail
735,796,26,0.894872193412556,long_tail
736,855,26,0.8952395755323508,long_tail
737,881,26,0.8956069576521457,long_tail
738,921,26,0.8959743397719405,long_tail
739,936,26,0.8963417218917353,long_tail
740,1020,26,0.8967091040115301,long_tail
741,1059,26,0.897076486131325,long_tail
742,1125,26,0.8974438682511198,long_tail
743,576,25,0.8977971202893841,long_tail
744,607,25,0.8981503723276484,long_tail
745,610,25,0.8985036243659126,long_tail
746,693,25,0.8988568764041769,long_tail
747,795,25,0.8992101284424411,long_tail
748,1012,25,0.8995633804807054,long_tail
749,1060,25,0.8999166325189696,long_tail
750,1108,25,0.9002698845572339,long_tail
751,1216,25,0.9006231365954982,long_tail
752,1219,25,0.9009763886337624,long_tail
753,1243,25,0.9013296406720267,long_tail
754,1266,25,0.9016828927102909,long_tail
755,582,24,0.9020220146670246,long_tail
756,722,24,0.9023611366237583,long_tail
757,742,24,0.902700258580492,long_tail
758,801,24,0.9030393805372257,long_tail
759,873,24,0.9033785024939593,long_tail
760,877,24,0.903717624450693,long_tail
761,950,24,0.9040567464074267,long_tail
762,954,24,0.9043958683641604,long_tail
763,978,24,0.9047349903208941,long_tail
764,988,24,0.9050741122776278,long_tail
765,1019,24,0.9054132342343615,long_tail
766,1088,24,0.9057523561910952,long_tail
767,328,23,0.9060773480662984,long_tail
768,397,23,0.9064023399415014,long_tail
769,456,23,0.9067273318167046,long_tail
770,499,23,0.9070523236919077,long_tail
771,604,23,0.9073773155671109,long_tail
772,773,23,0.907702307442314,long_tail
773,804,23,0.908027299317517,long_tail
774,901,23,0.9083522911927202,long_tail
775,1022,23,0.9086772830679233,long_tail
776,1089,23,0.9090022749431265,long_tail
777,1214,23,0.9093272668183295,long_tail
778,307,22,0.9096381286120021,long_tail
779,308,22,0.9099489904056747,long_tail
780,521,22,0.9102598521993472,long_tail
781,562,22,0.9105707139930197,long_tail
782,629,22,0.9108815757866923,long_tail
783,669,22,0.9111924375803648,long_tail
784,828,22,0.9115032993740374,long_tail
785,1041,22,0.91181416116771,long_tail
786,1094,22,0.9121250229613825,long_tail
787,1136,22,0.912435884755055,long_tail
788,1159,22,0.9127467465487276,long_tail
789,1169,22,0.9130576083424001,long_tail
790,1225,22,0.9133684701360727,long_tail
791,5,21,0.9136652018482146,long_tail
792,77,21,0.9139619335603566,long_tail
793,425,21,0.9142586652724987,long_tail
794,571,21,0.9145553969846406,long_tail
795,579,21,0.9148521286967826,long_tail
796,612,21,0.9151488604089245,long_tail
797,643,21,0.9154455921210666,long_tail
798,833,21,0.9157423238332085,long_tail
799,842,21,0.9160390555453505,long_tail
800,935,21,0.9163357872574924,long_tail
801,949,21,0.9166325189696345,long_tail
802,970,21,0.9169292506817764,long_tail
803,1114,21,0.9172259823939184,long_tail
804,109,20,0.9175085840245298,long_tail
805,252,20,0.9177911856551413,long_tail
806,351,20,0.9180737872857526,long_tail
807,361,20,0.9183563889163641,long_tail
808,388,20,0.9186389905469755,long_tail
809,679,20,0.9189215921775868,long_tail
810,763,20,0.9192041938081983,long_tail
811,778,20,0.9194867954388097,long_tail
812,799,20,0.9197693970694211,long_tail
813,939,20,0.9200519987000325,long_tail
814,960,20,0.920334600330644,long_tail
815,973,20,0.9206172019612553,long_tail
816,977,20,0.9208998035918667,long_tail
817,989,20,0.9211824052224782,long_tail
818,1021,20,0.9214650068530895,long_tail
819,1039,20,0.921747608483701,long_tail
820,1044,20,0.9220302101143124,long_tail
821,1051,20,0.9223128117449237,long_tail
822,1128,20,0.9225954133755352,long_tail
823,1131,20,0.9228780150061466,long_tail
824,1135,20,0.923160616636758,long_tail
825,1221,20,0.9234432182673694,long_tail
826,1239,20,0.9237258198979809,long_tail
827,45,19,0.9239942914470617,long_tail
828,375,19,0.9242627629961425,long_tail
829,729,19,0.9245312345452233,long_tail
830,764,19,0.9247997060943042,long_tail
831,817,19,0.925068177643385,long_tail
832,862,19,0.9253366491924658,long_tail
833,1017,19,0.9256051207415467,long_tail
834,1018,19,0.9258735922906275,long_tail
835,1033,19,0.9261420638397083,long_tail
836,1035,19,0.9264105353887891,long_tail
837,1048,19,0.9266790069378701,long_tail
838,1193,19,0.9269474784869509,long_tail
839,1230,19,0.9272159500360317,long_tail
840,382,18,0.927470291503582,long_tail
841,414,18,0.9277246329711323,long_tail
842,421,18,0.9279789744386825,long_tail
843,458,18,0.9282333159062328,long_tail
844,459,18,0.928487657373783,long_tail
845,536,18,0.9287419988413333,long_tail
846,550,18,0.9289963403088836,long_tail
847,807,18,0.9292506817764339,long_tail
848,836,18,0.9295050232439841,long_tail
849,841,18,0.9297593647115344,long_tail
850,937,18,0.9300137061790846,long_tail
851,985,18,0.930268047646635,long_tail
852,994,18,0.9305223891141852,long_tail
853,1004,18,0.9307767305817355,long_tail
854,1052,18,0.9310310720492857,long_tail
855,1132,18,0.931285413516836,long_tail
856,1148,18,0.9315397549843862,long_tail
857,1156,18,0.9317940964519366,long_tail
858,1283,18,0.9320484379194868,long_tail
859,1410,18,0.9323027793870371,long_tail
860,148,17,0.9325429907730568,long_tail
861,644,17,0.9327832021590765,long_tail
862,680,17,0.9330234135450961,long_tail
863,703,17,0.9332636249311158,long_tail
864,733,17,0.9335038363171355,long_tail
865,737,17,0.9337440477031552,long_tail
866,752,17,0.9339842590891749,long_tail
867,774,17,0.9342244704751946,long_tail
868,835,17,0.9344646818612143,long_tail
869,868,17,0.934704893247234,long_tail
870,904,17,0.9349451046332538,long_tail
871,952,17,0.9351853160192735,long_tail
872,990,17,0.9354255274052932,long_tail
873,1032,17,0.9356657387913129,long_tail
874,1069,17,0.9359059501773325,long_tail
875,1112,17,0.9361461615633522,long_tail
876,1116,17,0.9363863729493719,long_tail
877,1162,17,0.9366265843353916,long_tail
878,1217,17,0.9368667957214113,long_tail
879,1282,17,0.937107007107431,long_tail
880,129,16,0.9373330884119201,long_tail
881,347,16,0.9375591697164093,long_tail
882,387,16,0.9377852510208984,long_tail
883,463,16,0.9380113323253875,long_tail
884,563,16,0.9382374136298767,long_tail
885,570,16,0.9384634949343658,long_tail
886,600,16,0.9386895762388549,long_tail
887,718,16,0.938915657543344,long_tail
888,815,16,0.9391417388478331,long_tail
889,905,16,0.9393678201523222,long_tail
890,932,16,0.9395939014568114,long_tail
891,965,16,0.9398199827613005,long_tail
892,984,16,0.9400460640657896,long_tail
893,1029,16,0.9402721453702788,long_tail
894,1083,16,0.9404982266747679,long_tail
895,1146,16,0.940724307979257,long_tail
896,1151,16,0.9409503892837462,long_tail
897,1175,16,0.9411764705882353,long_tail
898,1244,16,0.9414025518927244,long_tail
899,1295,16,0.9416286331972136,long_tail
900,1314,16,0.9418547145017027,long_tail
901,1406,16,0.9420807958061918,long_tail
902,83,15,0.9422927470291503,long_tail
903,350,15,0.9425046982521089,long_tail
904,444,15,0.9427166494750675,long_tail
905,531,15,0.942928600698026,long_tail
906,542,15,0.9431405519209846,long_tail
907,633,15,0.9433525031439431,long_tail
908,744,15,0.9435644543669017,long_tail
909,831,15,0.9437764055898602,long_tail
910,893,15,0.9439883568128188,long_tail
911,903,15,0.9442003080357774,long_tail
912,907,15,0.944412259258736,long_tail
913,959,15,0.9446242104816944,long_tail
914,961,15,0.944836161704653,long_tail
915,971,15,0.9450481129276116,long_tail
916,981,15,0.9452600641505702,long_tail
917,1000,15,0.9454720153735287,long_tail
918,1056,15,0.9456839665964872,long_tail
919,1106,15,0.9458959178194458,long_tail
920,1167,15,0.9461078690424044,long_tail
921,1184,15,0.9463198202653629,long_tail
922,1198,15,0.9465317714883215,long_tail
923,1205,15,0.94674372271128,long_tail
924,1207,15,0.9469556739342386,long_tail
925,1257,15,0.9471676251571971,long_tail
926,1276,15,0.9473795763801557,long_tail
927,137,14,0.9475773975215837,long_tail
928,278,14,0.9477752186630117,long_tail
929,334,14,0.9479730398044397,long_tail
930,374,14,0.9481708609458677,long_tail
931,556,14,0.9483686820872956,long_tail
932,589,14,0.9485665032287236,long_tail
933,617,14,0.9487643243701516,long_tail
934,634,14,0.9489621455115796,long_tail
935,717,14,0.9491599666530076,long_tail
936,724,14,0.9493577877944356,long_tail
937,864,14,0.9495556089358635,long_tail
938,902,14,0.9497534300772915,long_tail
939,967,14,0.9499512512187195,long_tail
940,1036,14,0.9501490723601476,long_tail
941,1053,14,0.9503468935015755,long_tail
942,1085,14,0.9505447146430035,long_tail
943,1177,14,0.9507425357844315,long_tail
944,1182,14,0.9509403569258594,long_tail
945,1202,14,0.9511381780672874,long_tail
946,1229,14,0.9513359992087155,long_tail
947,1443,14,0.9515338203501434,long_tail
948,111,13,0.9517175114100408,long_tail
949,255,13,0.9519012024699383,long_tail
950,319,13,0.9520848935298357,long_tail
951,399,13,0.9522685845897331,long_tail
952,439,13,0.9524522756496305,long_tail
953,564,13,0.9526359667095279,long_tail
954,616,13,0.9528196577694253,long_tail
955,623,13,0.9530033488293227,long_tail
956,694,13,0.9531870398892202,long_tail
957,757,13,0.9533707309491176,long_tail
958,772,13,0.953554422009015,long_tail
959,794,13,0.9537381130689124,long_tail
960,811,13,0.9539218041288098,long_tail
961,915,13,0.9541054951887072,long_tail
962,964,13,0.9542891862486047,long_tail
963,1005,13,0.954472877308502,long_tail
964,1077,13,0.9546565683683995,long_tail
965,1096,13,0.9548402594282969,long_tail
966,1102,13,0.9550239504881943,long_tail
967,1152,13,0.9552076415480917,long_tail
968,1203,13,0.9553913326079891,long_tail
969,1247,13,0.9555750236678866,long_tail
970,1264,13,0.955758714727784,long_tail
971,1310,13,0.9559424057876814,long_tail
972,102,12,0.9561119667660483,long_tail
973,262,12,0.9562815277444151,long_tail
974,423,12,0.956451088722782,long_tail
975,559,12,0.9566206497011488,long_tail
976,578,12,0.9567902106795156,long_tail
977,810,12,0.9569597716578825,long_tail
978,820,12,0.9571293326362493,long_tail
979,979,12,0.9572988936146162,long_tail
980,1023,12,0.957468454592983,long_tail
981,1031,12,0.9576380155713499,long_tail
982,1037,12,0.9578075765497167,long_tail
983,1065,12,0.9579771375280836,long_tail
984,1068,12,0.9581466985064504,long_tail
985,1092,12,0.9583162594848172,long_tail
986,1111,12,0.9584858204631841,long_tail
987,1115,12,0.9586553814415509,long_tail
988,1119,12,0.9588249424199178,long_tail
989,1120,12,0.9589945033982846,long_tail
990,1139,12,0.9591640643766515,long_tail
991,1224,12,0.9593336253550183,long_tail
992,1272,12,0.9595031863333852,long_tail
993,1285,12,0.959672747311752,long_tail
994,1290,12,0.9598423082901189,long_tail
995,1302,12,0.9600118692684857,long_tail
996,1400,12,0.9601814302468525,long_tail
997,1445,12,0.9603509912252194,long_tail
998,1477,12,0.9605205522035862,long_tail
999,336,11,0.9606759831004225,long_tail
1000,453,11,0.9608314139972588,long_tail
1001,547,11,0.960986844894095,long_tail
1002,690,11,0.9611422757909314,long_tail
1003,699,11,0.9612977066877676,long_tail
1004,702,11,0.9614531375846038,long_tail
1005,786,11,0.9616085684814402,long_tail
1006,852,11,0.9617639993782764,long_tail
1007,861,11,0.9619194302751127,long_tail
1008,946,11,0.962074861171949,long_tail
1009,982,11,0.9622302920687852,long_tail
1010,997,11,0.9623857229656215,long_tail
1011,1061,11,0.9625411538624578,long_tail
1012,1070,11,0.9626965847592941,long_tail
1013,1123,11,0.9628520156561303,long_tail
1014,1127,11,0.9630074465529667,long_tail
1015,1142,11,0.9631628774498029,long_tail
1016,1208,11,0.9633183083466391,long_tail
1017,1218,11,0.9634737392434755,long_tail
1018,1228,11,0.9636291701403117,long_tail
1019,1231,11,0.963784601037148,long_tail
1020,1238,11,0.9639400319339843,long_tail
1021,1262,11,0.9640954628308205,long_tail
1022,1277,11,0.9642508937276568,long_tail
1023,1482,11,0.964406324624493,long_tail
1024,358,10,0.9645476254397988,long_tail
1025,376,10,0.9646889262551045,long_tail
1026,396,10,0.9648302270704102,long_tail
1027,452,10,0.9649715278857159,long_tail
1028,544,10,0.9651128287010216,long_tail
1029,573,10,0.9652541295163273,long_tail
1030,668,10,0.965395430331633,long_tail
1031,785,10,0.9655367311469387,long_tail
1032,800,10,0.9656780319622444,long_tail
1033,827,10,0.9658193327775502,long_tail
1034,884,10,0.9659606335928558,long_tail
1035,892,10,0.9661019344081615,long_tail
1036,900,10,0.9662432352234672,long_tail
1037,957,10,0.966384536038773,long_tail
1038,975,10,0.9665258368540787,long_tail
1039,996,10,0.9666671376693844,long_tail
1040,1067,10,0.96680843848469,long_tail
1041,1091,10,0.9669497392999957,long_tail
1042,1098,10,0.9670910401153014,long_tail
1043,1126,10,0.9672323409306072,long_tail
1044,1164,10,0.9673736417459129,long_tail
1045,1194,10,0.9675149425612186,long_tail
1046,1210,10,0.9676562433765242,long_tail
1047,1223,10,0.96779754419183,long_tail
1048,1279,10,0.9679388450071357,long_tail
1049,1334,10,0.9680801458224414,long_tail
1050,1403,10,0.9682214466377471,long_tail
1051,1420,10,0.9683627474530528,long_tail
1052,35,9,0.968489918186828,long_tail
1053,114,9,0.968617088920603,long_tail
1054,352,9,0.9687442596543782,long_tail
1055,535,9,0.9688714303881534,long_tail
1056,666,9,0.9689986011219285,long_tail
1057,713,9,0.9691257718557036,long_tail
1058,725,9,0.9692529425894787,long_tail
1059,732,9,0.9693801133232539,long_tail
1060,853,9,0.969507284057029,long_tail
1061,858,9,0.9696344547908041,long_tail
1062,908,9,0.9697616255245792,long_tail
1063,953,9,0.9698887962583544,long_tail
1064,995,9,0.9700159669921296,long_tail
1065,1003,9,0.9701431377259047,long_tail
1066,1028,9,0.9702703084596798,long_tail
1067,1087,9,0.970397479193455,long_tail
1068,1104,9,0.9705246499272301,long_tail
1069,1130,9,0.9706518206610052,long_tail
1070,1158,9,0.9707789913947803,long_tail
1071,1165,9,0.9709061621285555,long_tail
1072,1170,9,0.9710333328623306,long_tail
1073,1171,9,0.9711605035961057,long_tail
1074,1179,9,0.9712876743298808,long_tail
1075,1181,9,0.971414845063656,long_tail
1076,1186,9,0.9715420157974312,long_tail
1077,1191,9,0.9716691865312063,long_tail
1078,1206,9,0.9717963572649814,long_tail
1079,1268,9,0.9719235279987566,long_tail
1080,1284,9,0.9720506987325317,long_tail
1081,1297,9,0.9721778694663068,long_tail
1082,1312,9,0.9723050402000819,long_tail
1083,1427,9,0.9724322109338571,long_tail
1084,1502,9,0.9725593816676322,long_tail
1085,359,8,0.9726724223198768,long_tail
1086,360,8,0.9727854629721213,long_tail
1087,532,8,0.9728985036243659,long_tail
1088,533,8,0.9730115442766105,long_tail
1089,620,8,0.973124584928855,long_tail
1090,697,8,0.9732376255810996,long_tail
1091,765,8,0.9733506662333442,long_tail
1092,802,8,0.9734637068855887,long_tail
1093,834,8,0.9735767475378333,long_tail
1094,887,8,0.9736897881900779,long_tail
1095,914,8,0.9738028288423224,long_tail
1096,963,8,0.973915869494567,long_tail
1097,966,8,0.9740289101468116,long_tail
1098,969,8,0.9741419507990561,long_tail
1099,998,8,0.9742549914513007,long_tail
1100,1014,8,0.9743680321035453,long_tail
1101,1055,8,0.9744810727557898,long_tail
1102,1057,8,0.9745941134080344,long_tail
1103,1093,8,0.974707154060279,long_tail
1104,1140,8,0.9748201947125235,long_tail
1105,1160,8,0.9749332353647681,long_tail
1106,1166,8,0.9750462760170127,long_tail
1107,1168,8,0.9751593166692571,long_tail
1108,1248,8,0.9752723573215017,long_tail
1109,1251,8,0.9753853979737463,long_tail
1110,1265,8,0.9754984386259908,long_tail
1111,1296,8,0.9756114792782354,long_tail
1112,1299,8,0.97572451993048,long_tail
1113,1335,8,0.9758375605827245,long_tail
1114,1374,8,0.9759506012349691,long_tail
1115,1418,8,0.9760636418872137,long_tail
1116,1424,8,0.9761766825394582,long_tail
1117,1425,8,0.9762897231917028,long_tail
1118,1450,8,0.9764027638439474,long_tail
1119,1468,8,0.9765158044961919,long_tail
1120,1472,8,0.9766288451484365,long_tail
1121,1474,8,0.9767418858006811,long_tail
1122,1614,8,0.9768549264529256,long_tail
1123,373,7,0.9769538370236396,long_tail
1124,554,7,0.9770527475943536,long_tail
1125,555,7,0.9771516581650677,long_tail
1126,586,7,0.9772505687357816,long_tail
1127,766,7,0.9773494793064956,long_tail
1128,790,7,0.9774483898772096,long_tail
1129,792,7,0.9775473004479236,long_tail
1130,797,7,0.9776462110186376,long_tail
1131,859,7,0.9777451215893516,long_tail
1132,882,7,0.9778440321600655,long_tail
1133,888,7,0.9779429427307795,long_tail
1134,913,7,0.9780418533014935,long_tail
1135,1030,7,0.9781407638722075,long_tail
1136,1042,7,0.9782396744429215,long_tail
1137,1054,7,0.9783385850136356,long_tail
1138,1075,7,0.9784374955843496,long_tail
1139,1101,7,0.9785364061550635,long_tail
1140,1144,7,0.9786353167257775,long_tail
1141,1153,7,0.9787342272964915,long_tail
1142,1172,7,0.9788331378672055,long_tail
1143,1178,7,0.9789320484379195,long_tail
1144,1192,7,0.9790309590086335,long_tail
1145,1213,7,0.9791298695793474,long_tail
1146,1254,7,0.9792287801500614,long_tail
1147,1261,7,0.9793276907207754,long_tail
1148,1263,7,0.9794266012914895,long_tail
1149,1278,7,0.9795255118622035,long_tail
1150,1280,7,0.9796244224329175,long_tail
1151,1287,7,0.9797233330036315,long_tail
1152,1294,7,0.9798222435743454,long_tail
1153,1313,7,0.9799211541450594,long_tail
1154,1336,7,0.9800200647157734,long_tail
1155,1392,7,0.9801189752864874,long_tail
1156,1399,7,0.9802178858572014,long_tail
1157,1433,7,0.9803167964279154,long_tail
1158,1438,7,0.9804157069986293,long_tail
1159,1479,7,0.9805146175693433,long_tail
1160,17,6,0.9805993980585268,long_tail
1161,34,6,0.9806841785477102,long_tail
1162,145,6,0.9807689590368937,long_tail
1163,389,6,0.980853739526077,long_tail
1164,393,6,0.9809385200152605,long_tail
1165,592,6,0.9810233005044439,long_tail
1166,700,6,0.9811080809936273,long_tail
1167,758,6,0.9811928614828107,long_tail
1168,775,6,0.9812776419719942,long_tail
1169,781,6,0.9813624224611776,long_tail
1170,806,6,0.981447202950361,long_tail
1171,869,6,0.9815319834395444,long_tail
1172,916,6,0.9816167639287279,long_tail
1173,934,6,0.9817015444179112,long_tail
1174,1080,6,0.9817863249070947,long_tail
1175,1081,6,0.9818711053962781,long_tail
1176,1084,6,0.9819558858854616,long_tail
1177,1086,6,0.9820406663746449,long_tail
1178,1099,6,0.9821254468638284,long_tail
1179,1147,6,0.9822102273530118,long_tail
1180,1150,6,0.9822950078421953,long_tail
1181,1163,6,0.9823797883313786,long_tail
1182,1180,6,0.9824645688205621,long_tail
1183,1183,6,0.9825493493097455,long_tail
1184,1189,6,0.982634129798929,long_tail
1185,1199,6,0.9827189102881123,long_tail
1186,1201,6,0.9828036907772958,long_tail
1187,1232,6,0.9828884712664792,long_tail
1188,1237,6,0.9829732517556626,long_tail
1189,1240,6,0.983058032244846,long_tail
1190,1253,6,0.9831428127340295,long_tail
1191,1273,6,0.9832275932232128,long_tail
1192,1281,6,0.9833123737123963,long_tail
1193,1288,6,0.9833971542015797,long_tail
1194,1298,6,0.9834819346907632,long_tail
1195,1315,6,0.9835667151799465,long_tail
1196,1367,6,0.98365149566913,long_tail
1197,1375,6,0.9837362761583134,long_tail
1198,1380,6,0.9838210566474969,long_tail
1199,1434,6,0.9839058371366802,long_tail
1200,1436,6,0.9839906176258637,long_tail
1201,1467,6,0.9840753981150471,long_tail
1202,1513,6,0.9841601786042306,long_tail
1203,1517,6,0.9842449590934139,long_tail
1204,1526,6,0.9843297395825974,long_tail
1205,1619,6,0.9844145200717808,long_tail
1206,33,5,0.9844851704794336,long_tail
1207,36,5,0.9845558208870865,long_tail
1208,73,5,0.9846264712947393,long_tail
1209,74,5,0.9846971217023922,long_tail
1210,266,5,0.9847677721100451,long_tail
1211,295,5,0.9848384225176979,long_tail
1212,313,5,0.9849090729253508,long_tail
1213,340,5,0.9849797233330037,long_tail
1214,445,5,0.9850503737406565,long_tail
1215,591,5,0.9851210241483094,long_tail
1216,593,5,0.9851916745559622,long_tail
1217,705,5,0.985262324963615,long_tail
1218,803,5,0.9853329753712678,long_tail
1219,847,5,0.9854036257789207,long_tail
1220,866,5,0.9854742761865736,long_tail
1221,867,5,0.9855449265942264,long_tail
1222,898,5,0.9856155770018793,long_tail
1223,911,5,0.9856862274095322,long_tail
1224,917,5,0.985756877817185,long_tail
1225,999,5,0.9858275282248379,long_tail
1226,1071,5,0.9858981786324907,long_tail
1227,1074,5,0.9859688290401436,long_tail
1228,1076,5,0.9860394794477965,long_tail
1229,1082,5,0.9861101298554492,long_tail
1230,1110,5,0.9861807802631021,long_tail
1231,1113,5,0.9862514306707549,long_tail
1232,1149,5,0.9863220810784078,long_tail
1233,1173,5,0.9863927314860607,long_tail
1234,1176,5,0.9864633818937135,long_tail
1235,1211,5,0.9865340323013664,long_tail
1236,1212,5,0.9866046827090192,long_tail
1237,1215,5,0.9866753331166721,long_tail
1238,1226,5,0.986745983524325,long_tail
1239,1242,5,0.9868166339319778,long_tail
1240,1245,5,0.9868872843396307,long_tail
1241,1246,5,0.9869579347472834,long_tail
1242,1249,5,0.9870285851549363,long_tail
1243,1250,5,0.9870992355625892,long_tail
1244,1252,5,0.987169885970242,long_tail
1245,1286,5,0.9872405363778949,long_tail
1246,1301,5,0.9873111867855477,long_tail
1247,1321,5,0.9873818371932006,long_tail
1248,1343,5,0.9874524876008535,long_tail
1249,1354,5,0.9875231380085063,long_tail
1250,1379,5,0.9875937884161592,long_tail
1251,1385,5,0.987664438823812,long_tail
1252,1387,5,0.9877350892314649,long_tail
1253,1391,5,0.9878057396391177,long_tail
1254,1393,5,0.9878763900467705,long_tail
1255,1394,5,0.9879470404544234,long_tail
1256,1398,5,0.9880176908620762,long_tail
1257,1404,5,0.9880883412697291,long_tail
1258,1412,5,0.988158991677382,long_tail
1259,1414,5,0.9882296420850348,long_tail
1260,1439,5,0.9883002924926877,long_tail
1261,1440,5,0.9883709429003406,long_tail
1262,1448,5,0.9884415933079934,long_tail
1263,1453,5,0.9885122437156463,long_tail
1264,1469,5,0.9885828941232991,long_tail
1265,1470,5,0.9886535445309519,long_tail
1266,1473,5,0.9887241949386048,long_tail
1267,1478,5,0.9887948453462576,long_tail
1268,1494,5,0.9888654957539105,long_tail
1269,1521,5,0.9889361461615633,long_tail
1270,1523,5,0.9890067965692162,long_tail
1271,1530,5,0.9890774469768691,long_tail
1272,1539,5,0.9891480973845219,long_tail
1273,1557,5,0.9892187477921748,long_tail
1274,1597,5,0.9892893981998276,long_tail
1275,246,4,0.9893459185259499,long_tail
1276,437,4,0.9894024388520721,long_tail
1277,642,4,0.9894589591781945,long_tail
1278,821,4,0.9895154795043167,long_tail
1279,850,4,0.989571999830439,long_tail
1280,909,4,0.9896285201565613,long_tail
1281,926,4,0.9896850404826836,long_tail
1282,986,4,0.9897415608088058,long_tail
1283,993,4,0.9897980811349282,long_tail
1284,1001,4,0.9898546014610504,long_tail
1285,1025,4,0.9899111217871727,long_tail
1286,1197,4,0.989967642113295,long_tail
1287,1222,4,0.9900241624394173,long_tail
1288,1233,4,0.9900806827655395,long_tail
1289,1267,4,0.9901372030916619,long_tail
1290,1269,4,0.9901937234177841,long_tail
1291,1270,4,0.9902502437439064,long_tail
1292,1271,4,0.9903067640700287,long_tail
1293,1293,4,0.990363284396151,long_tail
1294,1300,4,0.9904198047222732,long_tail
1295,1304,4,0.9904763250483956,long_tail
1296,1311,4,0.9905328453745178,long_tail
1297,1316,4,0.99058936570064,long_tail
1298,1323,4,0.9906458860267624,long_tail
1299,1337,4,0.9907024063528846,long_tail
1300,1345,4,0.9907589266790069,long_tail
1301,1346,4,0.9908154470051292,long_tail
1302,1381,4,0.9908719673312515,long_tail
1303,1396,4,0.9909284876573737,long_tail
1304,1408,4,0.9909850079834961,long_tail
1305,1411,4,0.9910415283096183,long_tail
1306,1415,4,0.9910980486357406,long_tail
1307,1426,4,0.9911545689618629,long_tail
1308,1441,4,0.9912110892879852,long_tail
1309,1455,4,0.9912676096141074,long_tail
1310,1458,4,0.9913241299402298,long_tail
1311,1461,4,0.991380650266352,long_tail
1312,1486,4,0.9914371705924743,long_tail
1313,1487,4,0.9914936909185966,long_tail
1314,1488,4,0.9915502112447189,long_tail
1315,1500,4,0.9916067315708411,long_tail
1316,1508,4,0.9916632518969635,long_tail
1317,1511,4,0.9917197722230857,long_tail
1318,1516,4,0.991776292549208,long_tail
1319,1520,4,0.9918328128753303,long_tail
1320,1528,4,0.9918893332014526,long_tail
1321,1534,4,0.9919458535275748,long_tail
1322,1554,4,0.9920023738536972,long_tail
1323,1559,4,0.9920588941798194,long_tail
1324,1591,4,0.9921154145059417,long_tail
1325,1604,4,0.992171934832064,long_tail
1326,1607,4,0.9922284551581863,long_tail
1327,103,3,0.992270845402778,long_tail
1328,436,3,0.9923132356473697,long_tail
1329,438,3,0.9923556258919614,long_tail
1330,625,3,0.9923980161365531,long_tail
1331,665,3,0.9924404063811448,long_tail
1332,667,3,0.9924827966257366,long_tail
1333,756,3,0.9925251868703282,long_tail
1334,776,3,0.9925675771149199,long_tail
1335,798,3,0.9926099673595117,long_tail
1336,837,3,0.9926523576041034,long_tail
1337,860,3,0.992694747848695,long_tail
1338,883,3,0.9927371380932868,long_tail
1339,890,3,0.9927795283378785,long_tail
1340,910,3,0.9928219185824703,long_tail
1341,919,3,0.9928643088270619,long_tail
1342,972,3,0.9929066990716536,long_tail
1343,991,3,0.9929490893162454,long_tail
1344,1002,3,0.9929914795608371,long_tail
1345,1063,3,0.9930338698054287,long_tail
1346,1095,3,0.9930762600500205,long_tail
1347,1105,3,0.9931186502946122,long_tail
1348,1107,3,0.993161040539204,long_tail
1349,1122,3,0.9932034307837956,long_tail
1350,1137,3,0.9932458210283873,long_tail
1351,1143,3,0.9932882112729791,long_tail
1352,1145,3,0.9933306015175708,long_tail
1353,1154,3,0.9933729917621624,long_tail
1354,1185,3,0.9934153820067542,long_tail
1355,1188,3,0.9934577722513459,long_tail
1356,1195,3,0.9935001624959376,long_tail
1357,1236,3,0.9935425527405293,long_tail
1358,1259,3,0.993584942985121,long_tail
1359,1274,3,0.9936273332297128,long_tail
1360,1275,3,0.9936697234743045,long_tail
1361,1318,3,0.9937121137188961,long_tail
1362,1325,3,0.9937545039634879,long_tail
1363,1326,3,0.9937968942080796,long_tail
1364,1327,3,0.9938392844526713,long_tail
1365,1329,3,0.993881674697263,long_tail
1366,1332,3,0.9939240649418547,long_tail
1367,1350,3,0.9939664551864464,long_tail
1368,1352,3,0.9940088454310382,long_tail
1369,1355,3,0.9940512356756298,long_tail
1370,1360,3,0.9940936259202215,long_tail
1371,1366,3,0.9941360161648133,long_tail
1372,1368,3,0.994178406409405,long_tail
1373,1376,3,0.9942207966539967,long_tail
1374,1377,3,0.9942631868985884,long_tail
1375,1378,3,0.9943055771431801,long_tail
1376,1382,3,0.9943479673877719,long_tail
1377,1384,3,0.9943903576323635,long_tail
1378,1388,3,0.9944327478769552,long_tail
1379,1395,3,0.994475138121547,long_tail
1380,1407,3,0.9945175283661387,long_tail
1381,1409,3,0.9945599186107303,long_tail
1382,1417,3,0.9946023088553221,long_tail
1383,1421,3,0.9946446990999138,long_tail
1384,1422,3,0.9946870893445056,long_tail
1385,1428,3,0.9947294795890972,long_tail
1386,1429,3,0.9947718698336889,long_tail
1387,1431,3,0.9948142600782807,long_tail
1388,1462,3,0.9948566503228724,long_tail
1389,1465,3,0.994899040567464,long_tail
1390,1484,3,0.9949414308120558,long_tail
1391,1495,3,0.9949838210566475,long_tail
1392,1498,3,0.9950262113012392,long_tail
1393,1512,3,0.9950686015458309,long_tail
1394,1529,3,0.9951109917904226,long_tail
1395,1533,3,0.9951533820350144,long_tail
1396,1536,3,0.9951957722796061,long_tail
1397,1538,3,0.9952381625241977,long_tail
1398,1543,3,0.9952805527687895,long_tail
1399,1588,3,0.9953229430133812,long_tail
1400,1590,3,0.9953653332579729,long_tail
1401,1606,3,0.9954077235025646,long_tail
1402,1622,3,0.9954501137471563,long_tail
1403,1627,3,0.995492503991748,long_tail
1404,1638,3,0.9955348942363398,long_tail
1405,112,2,0.9955631543994009,long_tail
1406,118,2,0.995591414562462,long_tail
1407,597,2,0.9956196747255232,long_tail
1408,783,2,0.9956479348885843,long_tail
1409,849,2,0.9956761950516454,long_tail
1410,857,2,0.9957044552147066,long_tail
1411,896,2,0.9957327153777678,long_tail
1412,906,2,0.9957609755408289,long_tail
1413,912,2,0.99578923570389,long_tail
1414,980,2,0.9958174958669511,long_tail
1415,1026,2,0.9958457560300122,long_tail
1416,1103,2,0.9958740161930735,long_tail
1417,1124,2,0.9959022763561346,long_tail
1418,1161,2,0.9959305365191957,long_tail
1419,1174,2,0.9959587966822568,long_tail
1420,1190,2,0.995987056845318,long_tail
1421,1204,2,0.9960153170083791,long_tail
1422,1255,2,0.9960435771714403,long_tail
1423,1258,2,0.9960718373345014,long_tail
1424,1260,2,0.9961000974975626,long_tail
1425,1289,2,0.9961283576606237,long_tail
1426,1291,2,0.9961566178236848,long_tail
1427,1305,2,0.9961848779867459,long_tail
1428,1306,2,0.9962131381498072,long_tail
1429,1317,2,0.9962413983128683,long_tail
1430,1322,2,0.9962696584759294,long_tail
1431,1330,2,0.9962979186389905,long_tail
1432,1331,2,0.9963261788020517,long_tail
1433,1341,2,0.9963544389651128,long_tail
1434,1353,2,0.996382699128174,long_tail
1435,1356,2,0.9964109592912351,long_tail
1436,1361,2,0.9964392194542963,long_tail
1437,1369,2,0.9964674796173574,long_tail
1438,1370,2,0.9964957397804185,long_tail
1439,1371,2,0.9965239999434796,long_tail
1440,1383,2,0.9965522601065409,long_tail
1441,1397,2,0.996580520269602,long_tail
1442,1401,2,0.9966087804326631,long_tail
1443,1402,2,0.9966370405957242,long_tail
1444,1405,2,0.9966653007587853,long_tail
1445,1416,2,0.9966935609218465,long_tail
1446,1419,2,0.9967218210849077,long_tail
1447,1430,2,0.9967500812479688,long_tail
1448,1432,2,0.9967783414110299,long_tail
1449,1437,2,0.9968066015740911,long_tail
1450,1442,2,0.9968348617371522,long_tail
1451,1444,2,0.9968631219002133,long_tail
1452,1447,2,0.9968913820632745,long_tail
1453,1449,2,0.9969196422263357,long_tail
1454,1476,2,0.9969479023893968,long_tail
1455,1480,2,0.9969761625524579,long_tail
1456,1483,2,0.997004422715519,long_tail
1457,1503,2,0.9970326828785802,long_tail
1458,1505,2,0.9970609430416414,long_tail
1459,1510,2,0.9970892032047025,long_tail
1460,1522,2,0.9971174633677636,long_tail
1461,1527,2,0.9971457235308248,long_tail
1462,1541,2,0.9971739836938859,long_tail
1463,1544,2,0.997202243856947,long_tail
1464,1546,2,0.9972305040200082,long_tail
1465,1548,2,0.9972587641830694,long_tail
1466,1551,2,0.9972870243461305,long_tail
1467,1552,2,0.9973152845091916,long_tail
1468,1555,2,0.9973435446722527,long_tail
1469,1572,2,0.9973718048353138,long_tail
1470,1584,2,0.9974000649983751,long_tail
1471,1596,2,0.9974283251614362,long_tail
1472,1599,2,0.9974565853244973,long_tail
1473,1601,2,0.9974848454875584,long_tail
1474,1608,2,0.9975131056506196,long_tail
1475,1609,2,0.9975413658136807,long_tail
1476,1610,2,0.9975696259767419,long_tail
1477,1611,2,0.997597886139803,long_tail
1478,1621,2,0.9976261463028642,long_tail
1479,1628,2,0.9976544064659253,long_tail
1480,1645,2,0.9976826666289864,long_tail
1481,1651,2,0.9977109267920475,long_tail
1482,1657,2,0.9977391869551088,long_tail
1483,1661,2,0.9977674471181699,long_tail
1484,1663,2,0.997795707281231,long_tail
1485,441,1,0.9978098373627616,long_tail
1486,599,1,0.9978239674442921,long_tail
1487,710,1,0.9978380975258228,long_tail
1488,787,1,0.9978522276073533,long_tail
1489,816,1,0.9978663576888839,long_tail
1490,838,1,0.9978804877704144,long_tail
1491,851,1,0.997894617851945,long_tail
1492,856,1,0.9979087479334756,long_tail
1493,956,1,0.9979228780150061,long_tail
1494,1079,1,0.9979370080965367,long_tail
1495,1129,1,0.9979511381780672,long_tail
1496,1155,1,0.9979652682595979,long_tail
1497,1157,1,0.9979793983411285,long_tail
1498,1200,1,0.997993528422659,long_tail
1499,1234,1,0.9980076585041896,long_tail
1500,1235,1,0.9980217885857201,long_tail
1501,1241,1,0.9980359186672507,long_tail
1502,1256,1,0.9980500487487812,long_tail
1503,1292,1,0.9980641788303118,long_tail
1504,1303,1,0.9980783089118425,long_tail
1505,1307,1,0.998092438993373,long_tail
1506,1308,1,0.9981065690749036,long_tail
1507,1309,1,0.9981206991564341,long_tail
1508,1319,1,0.9981348292379647,long_tail
1509,1320,1,0.9981489593194953,long_tail
1510,1324,1,0.9981630894010258,long_tail
1511,1328,1,0.9981772194825564,long_tail
1512,1333,1,0.998191349564087,long_tail
1513,1338,1,0.9982054796456176,long_tail
1514,1339,1,0.9982196097271481,long_tail
1515,1340,1,0.9982337398086787,long_tail
1516,1344,1,0.9982478698902093,long_tail
1517,1348,1,0.9982619999717398,long_tail
1518,1349,1,0.9982761300532704,long_tail
1519,1357,1,0.9982902601348009,long_tail
1520,1358,1,0.9983043902163315,long_tail
1521,1359,1,0.9983185202978622,long_tail
1522,1362,1,0.9983326503793927,long_tail
1523,1365,1,0.9983467804609233,long_tail
1524,1373,1,0.9983609105424538,long_tail
1525,1386,1,0.9983750406239844,long_tail
1526,1389,1,0.9983891707055149,long_tail
1527,1390,1,0.9984033007870455,long_tail
1528,1413,1,0.9984174308685762,long_tail
1529,1423,1,0.9984315609501067,long_tail
1530,1435,1,0.9984456910316373,long_tail
1531,1451,1,0.9984598211131678,long_tail
1532,1452,1,0.9984739511946984,long_tail
1533,1454,1,0.998488081276229,long_tail
1534,1456,1,0.9985022113577595,long_tail
1535,1457,1,0.9985163414392901,long_tail
1536,1459,1,0.9985304715208206,long_tail
1537,1460,1,0.9985446016023513,long_tail
1538,1463,1,0.9985587316838818,long_tail
1539,1466,1,0.9985728617654124,long_tail
1540,1471,1,0.998586991846943,long_tail
1541,1475,1,0.9986011219284735,long_tail
1542,1481,1,0.9986152520100041,long_tail
1543,1485,1,0.9986293820915346,long_tail
1544,1489,1,0.9986435121730652,long_tail
1545,1490,1,0.9986576422545959,long_tail
1546,1491,1,0.9986717723361264,long_tail
1547,1492,1,0.998685902417657,long_tail
1548,1493,1,0.9987000324991875,long_tail
1549,1499,1,0.9987141625807181,long_tail
1550,1501,1,0.9987282926622486,long_tail
1551,1504,1,0.9987424227437792,long_tail
1552,1506,1,0.9987565528253098,long_tail
1553,1509,1,0.9987706829068403,long_tail
1554,1514,1,0.998784812988371,long_tail
1555,1515,1,0.9987989430699015,long_tail
1556,1518,1,0.9988130731514321,long_tail
1557,1525,1,0.9988272032329627,long_tail
1558,1531,1,0.9988413333144932,long_tail
1559,1532,1,0.9988554633960238,long_tail
1560,1537,1,0.9988695934775543,long_tail
1561,1540,1,0.998883723559085,long_tail
1562,1542,1,0.9988978536406155,long_tail
1563,1545,1,0.9989119837221461,long_tail
1564,1547,1,0.9989261138036767,long_tail
1565,1550,1,0.9989402438852072,long_tail
1566,1556,1,0.9989543739667378,long_tail
1567,1558,1,0.9989685040482683,long_tail
1568,1561,1,0.9989826341297989,long_tail
1569,1562,1,0.9989967642113295,long_tail
1570,1565,1,0.99901089429286,long_tail
1571,1566,1,0.9990250243743907,long_tail
1572,1568,1,0.9990391544559212,long_tail
1573,1569,1,0.9990532845374518,long_tail
1574,1570,1,0.9990674146189823,long_tail
1575,1571,1,0.9990815447005129,long_tail
1576,1573,1,0.9990956747820435,long_tail
1577,1574,1,0.999109804863574,long_tail
1578,1577,1,0.9991239349451047,long_tail
1579,1578,1,0.9991380650266352,long_tail
1580,1580,1,0.9991521951081658,long_tail
1581,1581,1,0.9991663251896964,long_tail
1582,1582,1,0.9991804552712269,long_tail
1583,1583,1,0.9991945853527575,long_tail
1584,1585,1,0.999208715434288,long_tail
1585,1587,1,0.9992228455158186,long_tail
1586,1589,1,0.9992369755973491,long_tail
1587,1592,1,0.9992511056788798,long_tail
1588,1593,1,0.9992652357604104,long_tail
1589,1595,1,0.9992793658419409,long_tail
1590,1598,1,0.9992934959234715,long_tail
1591,1600,1,0.999307626005002,long_tail
1592,1605,1,0.9993217560865326,long_tail
1593,1612,1,0.9993358861680632,long_tail
1594,1613,1,0.9993500162495937,long_tail
1595,1616,1,0.9993641463311244,long_tail
1596,1617,1,0.9993782764126549,long_tail
1597,1618,1,0.9993924064941855,long_tail
1598,1620,1,0.999406536575716,long_tail
1599,1624,1,0.9994206666572466,long_tail
1600,1625,1,0.9994347967387772,long_tail
1601,1626,1,0.9994489268203077,long_tail
1602,1629,1,0.9994630569018383,long_tail
1603,1630,1,0.9994771869833688,long_tail
1604,1631,1,0.9994913170648995,long_tail
1605,1632,1,0.9995054471464301,long_tail
1606,1633,1,0.9995195772279606,long_tail
1607,1634,1,0.9995337073094912,long_tail
1608,1635,1,0.9995478373910217,long_tail
1609,1636,1,0.9995619674725523,long_tail
1610,1637,1,0.9995760975540828,long_tail
1611,1639,1,0.9995902276356134,long_tail
1612,1642,1,0.9996043577171441,long_tail
1613,1643,1,0.9996184877986746,long_tail
1614,1644,1,0.9996326178802052,long_tail
1615,1647,1,0.9996467479617357,long_tail
1616,1648,1,0.9996608780432663,long_tail
1617,1649,1,0.9996750081247969,long_tail
1618,1650,1,0.9996891382063274,long_tail
1619,1652,1,0.999703268287858,long_tail
1620,1653,1,0.9997173983693886,long_tail
1621,1654,1,0.9997315284509192,long_tail
1622,1655,1,0.9997456585324497,long_tail
1623,1656,1,0.9997597886139803,long_tail
1624,1659,1,0.9997739186955109,long_tail
1625,1660,1,0.9997880487770414,long_tail
1626,1662,1,0.999802178858572,long_tail
1627,1664,1,0.9998163089401025,long_tail
1628,1665,1,0.9998304390216332,long_tail
1629,1666,1,0.9998445691031638,long_tail
1630,1668,1,0.9998586991846943,long_tail
1631,1669,1,0.9998728292662249,long_tail
1632,1671,1,0.9998869593477554,long_tail
1633,1672,1,0.999901089429286,long_tail
1634,1674,1,0.9999152195108165,long_tail
1635,1675,1,0.9999293495923471,long_tail
1636,1676,1,0.9999434796738778,long_tail
1637,1677,1,0.9999576097554083,long_tail
1638,1678,1,0.9999717398369389,long_tail
1639,1679,1,0.9999858699184694,long_tail
1640,1681,1,1.0,long_tail
1641,598,0,1.0,long_tail
1642,676,0,1.0,long_tail
1643,813,0,1.0,long_tail
1644,829,0,1.0,long_tail
1645,1121,0,1.0,long_tail
1646,1342,0,1.0,long_tail
1647,1347,0,1.0,long_tail
1648,1351,0,1.0,long_tail
1649,1363,0,1.0,long_tail
1650,1364,0,1.0,long_tail
1651,1372,0,1.0,long_tail
1652,1446,0,1.0,long_tail
1653,1464,0,1.0,long_tail
1654,1496,0,1.0,long_tail
1655,1497,0,1.0,long_tail
1656,1507,0,1.0,long_tail
1657,1519,0,1.0,long_tail
1658,1524,0,1.0,long_tail
1659,1535,0,1.0,long_tail
1660,1549,0,1.0,long_tail
1661,1553,0,1.0,long_tail
1662,1560,0,1.0,long_tail
1663,1563,0,1.0,long_tail
1664,1564,0,1.0,long_tail
1665,1567,0,1.0,long_tail
1666,1575,0,1.0,long_tail
1667,1576,0,1.0,long_tail
1668,1579,0,1.0,long_tail
1669,1586,0,1.0,long_tail
1670,1594,0,1.0,long_tail
1671,1602,0,1.0,long_tail
1672,1603,0,1.0,long_tail
1673,1615,0,1.0,long_tail
1674,1623,0,1.0,long_tail
1675,1640,0,1.0,long_tail
1676,1641,0,1.0,long_tail
1677,1646,0,1.0,long_tail
1678,1658,0,1.0,long_tail
1679,1667,0,1.0,long_tail
1680,1670,0,1.0,long_tail
1681,1673,0,1.0,long_tail
1682,1680,0,1.0,long_tail
