model,split,k,rmse,mae,n_test_ratings,train_time_s,predict_time_s,rank_time_s,model_bytes,catalog_coverage,n_covered_items,n_users_scored,n_users_with_relevant,user_coverage,precision_mean,precision_median,precision_std,recall_mean,recall_median,recall_std,hit_rate_mean,hit_rate_median,hit_rate_std,ndcg_mean,ndcg_median,ndcg_std,map_mean,map_median,map_std,novelty_mean,novelty_median,novelty_std,ild_mean,ild_median,ild_std,pop_rank_mean,pop_rank_median,pop_rank_std,head_frac_mean,head_frac_median,head_frac_std,medium_frac_mean,medium_frac_median,medium_frac_std,tail_frac_mean,tail_frac_median,tail_frac_std,rank_mode,family,lam,similarity,weight_mode,pearson_sim_coef,spearman_sim_coef,frac_negative_coef,mean_abs_coef,rank_deficient_solves,fit_time_s
"RegCF[learned,k=10,lam=0]",val,10,0.9974541525324117,0.7680198950927208,9596,0.17146337497979403,0.016004916047677398,0.018100708024576306,462428,0.34720570749108204,584,943,880,1.0,0.0037500000000000003,0.0,0.019009158920554433,0.013632903230162589,0.0,0.08648528676993072,0.0375,0.0,0.19009158920554436,0.005661946265076644,0.0,0.03177673974191486,0.0016958761724386723,0.0,0.010620572679957717,6.269932287585538,6.478934139837335,0.6981869684677997,0.7680670301909786,0.7812534595905959,0.09319260532446194,0.5929510346754917,0.6235574063057704,0.09954819686361117,0.04729586426299045,0.0,0.10047976449041617,0.03563096500530223,0.0,0.07095645906197282,0.9170731707317072,1.0,0.15725593414224676,rating,regression,0.0,adjusted_cosine,learned,0.00046470640724701655,0.2795315304359773,0.18152439024390243,0.9963980317431104,582,0.17146337497979403
"RegCF[learned,k=10,lam=0]",val,10,0.9974541525324117,0.7680198950927208,9596,0.17146337497979403,0.019480374990962446,0.014741750026587397,462428,0.36741973840665876,618,943,880,1.0,0.001590909090909091,0.0,0.012519505930813753,0.005537458005530761,0.0,0.05947886978063142,0.015909090909090907,0.0,0.1251950593081375,0.0022830577664900687,0.0,0.021258291033479183,0.000694309163059163,0.0,0.007786743814587952,6.562067496201411,6.587292409845924,0.3087203408094303,0.7747594647905498,0.7927016194500847,0.09241781007638049,0.6345293256362198,0.6387269482450921,0.043528594205281,0.0032873806998939556,0.0,0.018992934204954345,0.0072110286320254515,0.0,0.027856262190184614,0.9895015906680806,1.0,0.036077084074852085,score,regression,0.0,adjusted_cosine,learned,0.00046470640724701655,0.2795315304359773,0.18152439024390243,0.9963980317431104,582,0.17146337497979403
"RegCF[learned,k=10,lam=0]",val,10,0.9974541525324117,0.7680198950927208,9596,0.17146337497979403,0.017983582976739854,0.015483916038647294,462428,0.34898929845422116,587,943,880,0.9989395546129375,0.002159090909090909,0.0,0.014542618207790979,0.007509920634920634,0.0,0.06389017319789014,0.02159090909090909,0.0,0.14542618207790975,0.003246957095124509,0.0,0.02469535445380651,0.0010208633958633958,0.0,0.00914823209424557,6.515551018765507,6.562078433372873,0.3422948304834007,0.754538082003448,0.7696897548738016,0.09947875407075282,0.6280167652567559,0.6355740630577037,0.04909678873075215,0.005832449628844115,0.0,0.025611865429659816,0.010922587486744434,0.0,0.036536596388767856,0.9832449628844115,1.0,0.04827458630790384,affinity,regression,0.0,adjusted_cosine,learned,0.00046470640724701655,0.2795315304359773,0.18152439024390243,0.9963980317431104,582,0.17146337497979403
"RegCF[learned,k=10,lam=1]",val,10,0.9592480926422446,0.7469340203670274,9596,0.07471216702833772,0.015313791984226555,0.01685520901810378,462380,0.4351961950059453,732,943,880,1.0,0.03795454545454546,0.0,0.06445993527584286,0.06591911905792468,0.0,0.15302082163949493,0.3034090909090909,0.0,0.4599918047537187,0.05719953687109564,0.0,0.11116087808448145,0.02548352931239836,0.0,0.06846085979337793,3.515051570851176,3.4443694179673074,0.6567652482094217,0.7392146511245784,0.7557623197636991,0.09184411715756577,0.19564712717711455,0.18364069006543726,0.0900101564160502,0.37497348886532345,0.4,0.1982122174855337,0.3057264050901378,0.3,0.12962905353629142,0.31930010604453873,0.3,0.21853774341570534,rating,regression,1.0,adjusted_cosine,learned,0.23774152140224467,0.37982349853350955,0.12359756097560975,0.19293606632386345,0,0.07471216702833772
"RegCF[learned,k=10,lam=1]",val,10,0.9592480926422446,0.7469340203670274,9596,0.07471216702833772,0.01300791697576642,0.014308832993265241,462380,0.6694411414982164,1126,943,880,1.0,0.017159090909090912,0.0,0.040627861443256856,0.036825909263276946,0.0,0.12699462322511423,0.16022727272727272,0.0,0.367025299654411,0.02670214506821961,0.0,0.08093552031537225,0.011471504121429717,0.0,0.05668151240254874,5.177678349617067,5.150355891180296,0.5867772250496185,0.758794205903303,0.7775740813933597,0.09621618451714992,0.4302529108626575,0.42439024390243907,0.08548872089576814,0.05556733828207847,0.0,0.0790621209843409,0.14199363732767764,0.1,0.11247576743885601,0.802439024390244,0.8,0.13893892044162623,score,regression,1.0,adjusted_cosine,learned,0.23774152140224467,0.37982349853350955,0.12359756097560975,0.19293606632386345,0,0.07471216702833772
"RegCF[learned,k=10,lam=1]",val,10,0.9592480926422446,0.7469340203670274,9596,0.07471216702833772,0.01683995802886784,0.013522207969799638,462380,0.5481569560047562,922,943,880,0.9989395546129375,0.028977272727272727,0.0,0.056752055842787516,0.05723589227755956,0.0,0.15047573532869685,0.2431818181818182,0.0,0.42924794793534177,0.04555670485597288,0.0,0.10805211156525046,0.021080246913580247,0.0,0.07672765203989836,4.736594837123356,4.718604548121836,0.6418670826024988,0.75411523686558,0.7759177461758154,0.10935000002940293,0.3665496665053814,0.36341463414634145,0.09281261118352496,0.10721102863202545,0.1,0.10782035171256224,0.19575821845174976,0.2,0.12653739439494638,0.6970307529162247,0.7,0.16687360647943625,affinity,regression,1.0,adjusted_cosine,learned,0.23774152140224467,0.37982349853350955,0.12359756097560975,0.19293606632386345,0,0.07471216702833772
"RegCF[learned,k=10,lam=5]",val,10,0.942502918739125,0.7371074279961779,9596,0.08601291698869318,0.01581466698553413,0.016562208998948336,462380,0.2907253269916766,489,943,880,1.0,0.046363636363636364,0.0,0.07563431900941389,0.07244867936292086,0.0,0.1516157546013522,0.34204545454545454,0.0,0.47466450421393186,0.07026506840199696,0.0,0.1252249301107281,0.032585591244073384,0.0,0.07754178474125736,2.931403218582195,2.8576932208202064,0.37252675086243126,0.7398452850190562,0.7537391215033887,0.07843213714494467,0.11393725519387983,0.10404521118381913,0.046376054112695866,0.497136797454931,0.5,0.17988634461193326,0.36320254506892896,0.4,0.12214088274479232,0.13966065747613995,0.1,0.14386495278379074,rating,regression,5.0,adjusted_cosine,learned,0.3928606596297446,0.5182071233276501,0.06817073170731708,0.1397350504309738,0,0.08601291698869318
"RegCF[learned,k=10,lam=5]",val,10,0.942502918739125,0.7371074279961779,9596,0.08601291698869318,0.015699584037065506,0.014457374985795468,462380,0.6260404280618311,1053,943,880,1.0,0.028409090909090908,0.0,0.05427956880462758,0.056641113577492845,0.0,0.1496876258022398,0.2431818181818182,0.0,0.42924794793534177,0.04857090683244775,0.0,0.11522449021255422,0.0236054287560984,0.0,0.08456887874072469,4.34561945744697,4.30012141019935,0.5894787431790544,0.748655649337776,0.7681971568057626,0.09556032170847009,0.30861635533563003,0.3006543723973825,0.08495770522936885,0.1269353128313892,0.1,0.12301866261884585,0.24273594909862142,0.2,0.138722336624963,0.6303287380699895,0.6,0.18365422050222113,score,regression,5.0,adjusted_cosine,learned,0.3928606596297446,0.5182071233276501,0.06817073170731708,0.1397350504309738,0,0.08601291698869318
"RegCF[learned,k=10,lam=5]",val,10,0.942502918739125,0.7371074279961779,9596,0.08601291698869318,0.017301540996413678,0.013629541965201497,462380,0.4958382877526754,834,943,880,0.9989395546129375,0.04715909090909091,0.0,0.0724423408651726,0.09024893829215318,0.0,0.1763264729859321,0.36022727272727273,0.0,0.48033922709815646,0.0778032307819858,0.0,0.14132568804785692,0.03845871949368973,0.0,0.10287783986923506,3.8174717360888293,3.7554944899327465,0.5915673338002334,0.7428985404940892,0.767486172712944,0.10693367829065765,0.23372588527633717,0.22248661511005358,0.08316757411241098,0.21558854718981973,0.2,0.1563953302265669,0.31569459172852604,0.3,0.14776365490056428,0.4687168610816543,0.5,0.19783098633118482,affinity,regression,5.0,adjusted_cosine,learned,0.3928606596297446,0.5182071233276501,0.06817073170731708,0.1397350504309738,0,0.08601291698869318
"RegCF[learned,k=10,lam=25]",val,10,0.9249092444431513,0.7274076063530035,9596,0.07580483396304771,0.02048933395417407,0.01731537503656,462380,0.1539833531510107,259,943,880,1.0,0.05011363636363636,0.0,0.08289410048820905,0.07154095849609192,0.0,0.14401610131744166,0.3386363636363636,0.0,0.4735151195205077,0.072475500527018,0.0,0.12719603614186925,0.03359202927804118,0.0,0.07598710191852925,2.6844934072052675,2.642136669216412,0.2132804354790079,0.741248610909474,0.7537391215033887,0.062450439571473546,0.08198031394482529,0.07632361689470554,0.022610683523701817,0.5812301166489925,0.6,0.14577479163966323,0.3744432661717922,0.4,0.1242988091845306,0.044326617179215266,0.0,0.07188061730589729,rating,regression,25.0,adjusted_cosine,learned,0.6011709205676612,0.7024949711551001,0.02774390243902439,0.0806233110328162,0,0.07580483396304771
"RegCF[learned,k=10,lam=25]",val,10,0.9249092444431513,0.7274076063530035,9596,0.07580483396304771,0.014902249968145043,0.015603749954607338,462380,0.539833531510107,908,943,880,1.0,0.040795454545454544,0.0,0.06933327192571487,0.07766754620235461,0.0,0.16735025065341602,0.3170454545454545,0.0,0.4655899143586195,0.072790142077257,0.0,0.144516799596482,0.03804483933725005,0.0,0.10867230826620422,3.658374302255754,3.639884082418002,0.5535047091777028,0.7373289043378309,0.7520917152192829,0.09544206717624812,0.21069554745414254,0.2045211183819155,0.07648803736164217,0.2415694591728526,0.2,0.17076845549817332,0.3306468716861082,0.3,0.15059790746478607,0.4277836691410392,0.4,0.20428547702584757,score,regression,25.0,adjusted_cosine,learned,0.6011709205676612,0.7024949711551001,0.02774390243902439,0.0806233110328162,0,0.07580483396304771
"RegCF[learned,k=10,lam=25]",val,10,0.9249092444431513,0.7274076063530035,9596,0.07580483396304771,0.015198250010143965,0.013693582965061069,462380,0.39655172413793105,667,943,880,0.9989395546129375,0.06681818181818182,0.0,0.08969098072824384,0.12623669105510607,0.0,0.208246149940632,0.45681818181818185,0.0,0.49841511146061684,0.11174777003386203,0.0,0.16418452830058636,0.05757595387692114,0.0,0.11780804217777888,3.161382178415196,3.0668566667012973,0.5374805338809799,0.7313317477579291,0.7491817036355235,0.1011509631533486,0.14521831233365484,0.13033908387864365,0.07010378237318776,0.392576882290562,0.4,0.21317546119789735,0.347932131495228,0.3,0.14850088698619093,0.25949098621420996,0.2,0.19682338120762735,affinity,regression,25.0,adjusted_cosine,learned,0.6011709205676612,0.7024949711551001,0.02774390243902439,0.0806233110328162,0,0.07580483396304771
"RegCF[learned,k=10,lam=100]",val,10,0.9234682507061419,0.7291223467942621,9596,0.0847966669825837,0.014266917016357183,0.015790500037837774,462380,0.06183115338882283,104,943,880,1.0,0.04704545454545454,0.0,0.07976300348919889,0.0677300437850074,0.0,0.1374343314813118,0.32840909090909093,0.0,0.46990156150563045,0.0671849209574179,0.0,0.12183965516501027,0.03044664330378616,0.0,0.07402524652747276,2.6376251930016514,2.6235750663047472,0.15374629808216425,0.7412866217145498,0.7537391215033887,0.05080577371165028,0.0763384416814967,0.07394408090422368,0.013910776755512144,0.6020148462354189,0.6,0.12545531424684075,0.37868504772004236,0.4,0.11775306785178132,0.019300106044538707,0.0,0.04106773016263025,rating,regression,100.0,adjusted_cosine,learned,0.7170000286458826,0.8013758331500621,0.020182926829268293,0.03577584783918834,0,0.0847966669825837
"RegCF[learned,k=10,lam=100]",val,10,0.9234682507061419,0.7291223467942621,9596,0.0847966669825837,0.013900084013585001,0.01590479101287201,462380,0.46313912009512487,779,943,880,1.0,0.05284090909090909,0.0,0.08339290972057566,0.09354943826902776,0.0,0.18054254186226712,0.3704545454545455,0.0,0.4832010938886358,0.08982426899905095,0.0,0.1577645840991674,0.047504429928537074,0.0,0.117201560758111,3.2429853084133384,3.181950502299675,0.5432368009136035,0.7260114799922687,0.7418703695663976,0.0957509279309045,0.1546834655683287,0.14390243902439023,0.07133681960949115,0.3601272534464475,0.3,0.2137541912517567,0.3565217391304348,0.4,0.15543033646962673,0.28335100742311775,0.3,0.20234456648114002,score,regression,100.0,adjusted_cosine,learned,0.7170000286458826,0.8013758331500621,0.020182926829268293,0.03577584783918834,0,0.0847966669825837
"RegCF[learned,k=10,lam=100]",val,10,0.9234682507061419,0.7291223467942621,9596,0.0847966669825837,0.015592875017318875,0.014161291008349508,462380,0.3192627824019025,537,943,880,0.9989395546129375,0.07875000000000001,0.1,0.09933009401380737,0.1451095667485698,0.037037037037037035,0.21850253170871822,0.5022727272727273,1.0,0.5002791650082572,0.13220786150950406,0.06362078819895173,0.17918618806399658,0.06992589282135413,0.01,0.12934012395115063,2.771434007163001,2.651004387559596,0.5003382209300784,0.7161491400011292,0.7318866102231947,0.0954083640840736,0.09776555766747436,0.08060678167757288,0.060559151077102434,0.5550371155885472,0.6,0.2499545047795936,0.30795334040296923,0.3,0.1662319701028208,0.13700954400848356,0.1,0.16211960839065326,affinity,regression,100.0,adjusted_cosine,learned,0.7170000286458826,0.8013758331500621,0.020182926829268293,0.03577584783918834,0,0.0847966669825837
"RegCF[learned,k=10,lam=300]",val,10,0.9302840537384758,0.7362381299733821,9596,0.073396582971327,0.01912070799153298,0.01598804199602455,462380,0.03032104637336504,51,943,880,1.0,0.042840909090909096,0.0,0.07447119398867368,0.06285156525297472,0.0,0.13353894810553305,0.3090909090909091,0.0,0.4623815197100398,0.05839972983495113,0.0,0.11115443215545162,0.025267517328901253,0.0,0.06610617026872222,2.642464930664824,2.6235750663047472,0.14348701919270948,0.7387630243782904,0.7537391215033887,0.04633554740796974,0.07675385113264525,0.07477691850089233,0.01216164255683678,0.5970307529162248,0.6,0.12055993790901569,0.3904559915164369,0.4,0.11170415090189488,0.012513255567338283,0.0,0.034052906013547865,rating,regression,300.0,adjusted_cosine,learned,0.7406890263035828,0.8281230760016776,0.01896341463414634,0.015012291941799476,0,0.073396582971327
"RegCF[learned,k=10,lam=300]",val,10,0.9302840537384758,0.7362381299733821,9596,0.073396582971327,0.012639124994166195,0.01603329204954207,462380,0.4227110582639715,711,943,880,1.0,0.05818181818181818,0.0,0.08546926550492276,0.10500054902695669,0.0,0.19030339635417423,0.4011363636363636,0.0,0.4904072552856643,0.09877932681540261,0.0,0.16337077191932786,0.052062047988387275,0.0,0.12146664714696302,3.057598794762026,2.987828654981022,0.5424648609926793,0.7207380535779684,0.7372717811345432,0.09639185300644844,0.13116277426644118,0.11891731112433077,0.06917480653441918,0.42863202545068935,0.4,0.23342491828523027,0.35227995758218444,0.4,0.16392413867110606,0.2190880169671262,0.2,0.19699552112821556,score,regression,300.0,adjusted_cosine,learned,0.7406890263035828,0.8281230760016776,0.01896341463414634,0.015012291941799476,0,0.073396582971327
"RegCF[learned,k=10,lam=300]",val,10,0.9302840537384758,0.7362381299733821,9596,0.073396582971327,0.014493082999251783,0.015287209011148661,462380,0.2812128418549346,473,943,880,0.9989395546129375,0.08227272727272728,0.1,0.1046335745393474,0.1509020668609895,0.04772727272727273,0.22352894464812986,0.5045454545454545,1.0,0.5002636599280592,0.1373967103304717,0.06362078819895173,0.18340497973169045,0.07358301356106416,0.01,0.13164672753195447,2.611852824163586,2.4756608831065425,0.48291876193682165,0.7044660277592669,0.7161109776441352,0.09270856526118879,0.07976460761943574,0.06085663295657347,0.0564465331263899,0.6376458112407211,0.7,0.2590886643376632,0.267338282078473,0.2,0.17855880667026328,0.09501590668080594,0.0,0.1413709593740957,affinity,regression,300.0,adjusted_cosine,learned,0.7406890263035828,0.8281230760016776,0.01896341463414634,0.015012291941799476,0,0.073396582971327
"RegCF[learned,k=10,lam=1000]",val,10,0.936979131116824,0.7422985253066284,9596,0.07413954200455919,0.015065500047057867,0.015521000022999942,462380,0.020808561236623068,35,943,880,1.0,0.04,0.0,0.07352648056795523,0.0586407265231288,0.0,0.13441995214127334,0.28863636363636364,0.0,0.45338615219178907,0.05126292638800528,0.0,0.10052324648915514,0.02085006742596028,0.0,0.0567994792342378,2.646536573759194,2.6294039254104034,0.13903813330851272,0.7354353300638037,0.7537391215033887,0.04293604427182008,0.0768549120196217,0.07566924449732301,0.011229942056322146,0.5878048780487805,0.6,0.11993343915505558,0.40498409331919405,0.4,0.11071364126619698,0.0072110286320254515,0.0,0.027083362017993506,rating,regression,1000.0,adjusted_cosine,learned,0.7391495254862764,0.8373489070415298,0.01871951219512195,0.005017429101340838,0,0.07413954200455919
"RegCF[learned,k=10,lam=1000]",val,10,0.936979131116824,0.7422985253066284,9596,0.07413954200455919,0.015750624996144325,0.014437208010349423,462380,0.40249702734839476,677,943,880,1.0,0.06102272727272728,0.0,0.08855482060249,0.10772297363211207,0.0,0.19042418720107376,0.4113636363636364,0.0,0.4923607125458547,0.10341614437438125,0.0,0.16847183182381875,0.05517934088618612,0.0,0.12583923152093657,2.9701797035024207,2.8900920271488317,0.5452870078716474,0.7171982707387083,0.7354338710133635,0.0961198045175929,0.12060582279774638,0.10713860797144556,0.06824671417293823,0.46542948038176035,0.4,0.24441316056586979,0.34093319194061505,0.3,0.16555888360214435,0.19363732767762462,0.1,0.1908796932332435,score,regression,1000.0,adjusted_cosine,learned,0.7391495254862764,0.8373489070415298,0.01871951219512195,0.005017429101340838,0,0.07413954200455919
"RegCF[learned,k=10,lam=1000]",val,10,0.936979131116824,0.7422985253066284,9596,0.07413954200455919,0.01373299997067079,0.013390874955803156,462380,0.26397146254458975,444,943,880,0.9989395546129375,0.08261363636363636,0.1,0.10571813382002476,0.1536224969978023,0.054093567251461985,0.22742347425389994,0.5056818181818182,1.0,0.5002520308025347,0.13997207458394653,0.06493750582667038,0.18929725161019273,0.07616186167227834,0.010555555555555554,0.13995880724033047,2.532821038543899,2.389914641322366,0.4727962435806094,0.698452868825207,0.7084950333204497,0.0908575805899181,0.071164843428172,0.051576442593694226,0.05427524027381698,0.6793213149522801,0.8,0.26164343746183766,0.2445387062566278,0.2,0.18617097801315705,0.07613997879109226,0.0,0.13094929215348394,affinity,regression,1000.0,adjusted_cosine,learned,0.7391495254862764,0.8373489070415298,0.01871951219512195,0.005017429101340838,0,0.07413954200455919
"RegCF[learned,k=10,lam=3000]",val,10,0.9400048928687399,0.7448917243316768,9596,0.0710304580279626,0.015050874964799732,0.017914542055223137,462380,0.020214030915576695,34,943,880,1.0,0.039886363636363636,0.0,0.07381978976569076,0.05829805097294336,0.0,0.13445633241711738,0.2875,0.0,0.4528540513331792,0.049688945437686205,0.0,0.09756474187745577,0.019809952200577196,0.0,0.05467017949876878,2.6408429676244034,2.629146009563376,0.13131274714412478,0.7340407869264022,0.7537391215033887,0.04407366692678925,0.07631150472847613,0.07560975609756097,0.010207089359079505,0.5913043478260869,0.6,0.11769502337279981,0.40445387062566274,0.4,0.11211768604350385,0.0042417815482502655,0.0,0.021191495555329468,rating,regression,3000.0,adjusted_cosine,learned,0.7353453786387982,0.8400205800536595,0.01847560975609756,0.0017330890597510708,0,0.0710304580279626
"RegCF[learned,k=10,lam=3000]",val,10,0.9400048928687399,0.7448917243316768,9596,0.0710304580279626,0.012318833963945508,0.014216709008906037,462380,0.3995243757431629,672,943,880,1.0,0.061136363636363635,0.0,0.08892521967577091,0.1081764703977746,0.0,0.1916600839054189,0.4090909090909091,0.0,0.49194567705975883,0.10343645332281452,0.0,0.16671791714285233,0.054897979404303805,0.0,0.12229822137383003,2.943284478495135,2.871964643321638,0.5456916256107406,0.7165194005379023,0.7352610244090186,0.09610899325695225,0.11740549829262614,0.10232004759071982,0.0678523083598468,0.4782608695652174,0.5,0.24887079976287818,0.33743372216330864,0.3,0.16781532922078696,0.18430540827147404,0.1,0.18916432617055554,score,regression,3000.0,adjusted_cosine,learned,0.7353453786387982,0.8400205800536595,0.01847560975609756,0.0017330890597510708,0,0.0710304580279626
"RegCF[learned,k=10,lam=3000]",val,10,0.9400048928687399,0.7448917243316768,9596,0.0710304580279626,0.014308957965113223,0.013408583996351808,462380,0.25980975029726516,437,943,880,0.9989395546129375,0.08306818181818183,0.1,0.10557667583956265,0.1531928498352006,0.05555555555555555,0.22629362387283322,0.5079545454545454,1.0,0.5002210184794076,0.14009249991428704,0.06625422345438904,0.18901074572102433,0.07619254245258708,0.01111111111111111,0.13984626059207328,2.50895835654847,2.3704939276811126,0.46959969157532117,0.694580612788921,0.7054884930816671,0.09220120697770966,0.0686543446403349,0.04907792980368828,0.053691409407073,0.6928950159066809,0.8,0.26118787237904545,0.23594909862142102,0.2,0.18657525122643082,0.07115588547189819,0.0,0.12833839328060306,affinity,regression,3000.0,adjusted_cosine,learned,0.7353453786387982,0.8400205800536595,0.01847560975609756,0.0017330890597510708,0,0.0710304580279626
"RegCF[similarity,k=10,lam=0]",val,10,0.9228490286675154,0.7280046327380089,9596,0.07583758304826915,0.014965832990128547,0.015741375042125583,458516,0.12187871581450654,205,943,880,1.0,0.043522727272727275,0.0,0.07678908620677558,0.06927268413791994,0.0,0.15112056135507682,0.31477272727272726,0.0,0.46468940113627477,0.05915481217220964,0.0,0.10856704051181135,0.025031874155386057,0.0,0.06054067502271471,3.0186253090484136,2.8875036015072517,0.5206653648720726,0.7399363396601415,0.7537391215033887,0.06022609473890493,0.1278515477392831,0.10214158239143364,0.06988775772229688,0.5314952279957582,0.6,0.1608582070307134,0.36627783669141045,0.3,0.1297868381684733,0.10222693531283139,0.1,0.11668330228306245,rating,regression,0.0,adjusted_cosine,similarity,1.0,1.0,0.0,0.08269916765755053,0,0.07583758304826915
"RegCF[similarity,k=10,lam=0]",val,10,0.9228490286675154,0.7280046327380089,9596,0.07583758304826915,0.012339083012193441,0.014168000023346394,458516,0.7306777645659929,1229,943,880,1.0,0.01954545454545455,0.0,0.043244656555605415,0.04113781370814592,0.0,0.13351066812661047,0.1806818181818182,0.0,0.384973132506795,0.028005369186536077,0.0,0.07619473890104166,0.011284743695457981,0.0,0.04233790810892391,5.765438386209816,5.818025062675931,0.8427191549739141,0.7188759865591954,0.7363564215404683,0.11246176281825608,0.513074894192027,0.5183224271267103,0.1203485951815999,0.07179215270413576,0.0,0.11225194999668085,0.12555673382820787,0.1,0.11726755802125206,0.8026511134676565,0.8,0.1664011862770408,score,regression,0.0,adjusted_cosine,similarity,1.0,1.0,0.0,0.08269916765755053,0,0.07583758304826915
"RegCF[similarity,k=10,lam=0]",val,10,0.9228490286675154,0.7280046327380089,9596,0.07583758304826915,0.013394292036537081,0.013570374983828515,458516,0.5321046373365041,895,943,880,0.9968186638388123,0.03590909090909091,0.0,0.06422082855710097,0.07241448836998257,0.0,0.16982033708027666,0.2840909090909091,0.0,0.4512367945335626,0.046500805666870995,0.0,0.09482452113249441,0.018174637531780388,0.0,0.055470250891000945,5.6426670521660975,5.70372331926383,1.0294599160162343,0.7184865523232771,0.7411883026383825,0.11253610951813824,0.4972866224278206,0.5041641879833432,0.14492238334300578,0.1375397667020149,0.1,0.16450108660238014,0.1364793213149523,0.1,0.12477202713159821,0.7259809119830328,0.8,0.20130536757698064,affinity,regression,0.0,adjusted_cosine,similarity,1.0,1.0,0.0,0.08269916765755053,0,0.07583758304826915
"RegCF[learned,k=20,lam=0]",val,20,1.077535582348318,0.8217698767339465,9596,0.10724408301757649,0.02044570801081136,0.01786420796997845,894352,0.26397146254458975,444,943,880,1.0,0.0021590909090909095,0.0,0.014542618207790979,0.0055082380239377835,0.0,0.04365942357098097,0.02159090909090909,0.0,0.14542618207790978,0.0035702687090621616,0.0,0.029394368555332423,0.0014833603896103897,0.0,0.018377785056340645,5.709889083721552,5.718060289023094,0.32196635062998524,0.7554848044322808,0.7679377608436335,0.09185271078591138,0.5150045136744464,0.516716240333135,0.04583899550311156,0.008589607635206787,0.0,0.042735847139580674,0.011452810180275717,0.0,0.043668185862614804,0.9799575821845176,1.0,0.07565144049751901,rating,regression,0.0,adjusted_cosine,learned,0.0030836901636955194,0.2577434640448067,0.2328048780487805,3.632627127036517,817,0.10724408301757649
"RegCF[learned,k=20,lam=0]",val,20,1.077535582348318,0.8217698767339465,9596,0.10724408301757649,0.01801720802905038,0.01627104199724272,894352,0.2550535077288942,429,943,880,1.0,0.0015909090909090907,0.0,0.012519505930813753,0.003424904690604451,0.0,0.03297477241827624,0.015909090909090907,0.0,0.1251950593081375,0.002742848499447253,0.0,0.027232999524525184,0.0012631673881673884,0.0,0.018116169309912576,5.772416404849245,5.740327786143083,0.21985281216673508,0.7646906134226082,0.7786900135539201,0.08753239456864044,0.5240353952824375,0.5203450327186199,0.030759250344936616,0.00021208907741251327,0.0,0.004602867907858621,0.0016967126193001062,0.0,0.013718633778497587,0.9980911983032874,1.0,0.015162396109494975,score,regression,0.0,adjusted_cosine,learned,0.0030836901636955194,0.2577434640448067,0.2328048780487805,3.632627127036517,817,0.10724408301757649
"RegCF[learned,k=20,lam=0]",val,20,1.077535582348318,0.8217698767339465,9596,0.10724408301757649,0.019302209024317563,0.015446375007741153,894352,0.267538644470868,450,943,880,0.9989395546129375,0.0027272727272727275,0.0,0.01629696487772728,0.006086185411420746,0.0,0.0450573890595724,0.02727272727272727,0.0,0.1629696487772728,0.004160967722707742,0.0,0.03146780123768347,0.0017216810966810966,0.0,0.019823660343717506,5.765813128678169,5.751893821894713,0.24389405018632043,0.7398582007898127,0.7606240886410848,0.10771641873065428,0.5235359576780725,0.5223676383105295,0.034857239386445193,0.0016967126193001062,0.0,0.012921667471469273,0.0042417815482502655,0.0,0.02356345892262186,0.9940615058324497,1.0,0.030333329238614978,affinity,regression,0.0,adjusted_cosine,learned,0.0030836901636955194,0.2577434640448067,0.2328048780487805,3.632627127036517,817,0.10724408301757649
"RegCF[learned,k=20,lam=1]",val,20,0.9866431166649375,0.7668205932670338,9596,0.09683304198551923,0.029796916991472244,0.021730875014327466,894148,0.4536266349583829,763,943,880,1.0,0.03125,0.0,0.05813390255015601,0.06202482783039296,0.0,0.15846550128241998,0.26136363636363635,0.0,0.4396274713657926,0.05003803350101038,0.0,0.10904373657163399,0.022622622912801482,0.0,0.071197077923423,3.541473124796023,3.507544344217945,0.577812255919538,0.7248533599991296,0.742986431827465,0.09381100624012337,0.19705415715409513,0.19107674003569303,0.07846125248756626,0.3178154825026511,0.3,0.19840312576180505,0.3203605514316013,0.3,0.13310387931402656,0.3618239660657477,0.3,0.218918551147414,rating,regression,1.0,adjusted_cosine,learned,0.2131737292944412,0.3406531408239461,0.17859756097560975,0.15222813698888352,0,0.09683304198551923
"RegCF[learned,k=20,lam=1]",val,20,0.9866431166649375,0.7668205932670338,9596,0.09683304198551923,0.02182191697647795,0.01752820797264576,894148,0.6397146254458977,1076,943,880,1.0,0.016477272727272726,0.0,0.04090945001623564,0.03407450406788917,0.0,0.11904845720213238,0.15113636363636362,0.0,0.3583854320456891,0.025680165804738253,0.0,0.07886409665306623,0.011208056686479307,0.0,0.05120262083268982,4.8201945745600625,4.806465196612386,0.5305857622417988,0.7542507532391874,0.7742921277890582,0.09856179925561491,0.3767659002146755,0.37590719809637124,0.07826596966074596,0.05143160127253447,0.0,0.07296835932885196,0.163626723223754,0.2,0.12174595302121245,0.7849416755037116,0.8,0.14091817426720835,score,regression,1.0,adjusted_cosine,learned,0.2131737292944412,0.3406531408239461,0.17859756097560975,0.15222813698888352,0,0.09683304198551923
"RegCF[learned,k=20,lam=1]",val,20,0.9866431166649375,0.7668205932670338,9596,0.09683304198551923,0.02735491597559303,0.014843583980109543,894148,0.5261593341260404,885,943,880,0.9989395546129375,0.027045454545454546,0.0,0.052646871128407324,0.053826186755814895,0.0,0.14918354168760323,0.23068181818181818,0.0,0.4215087356521187,0.043353849561480355,0.0,0.1081997542717334,0.020703060043461827,0.0,0.07892311013935135,4.423780952562328,4.3915846516490635,0.5895572410381458,0.7409415548041111,0.7654850667524937,0.11463386674901699,0.3190062598450778,0.31302795954788815,0.08596413393595494,0.0975609756097561,0.1,0.1043857284372851,0.2409331919406151,0.2,0.1472319933409694,0.6615058324496288,0.7,0.1822618613765459,affinity,regression,1.0,adjusted_cosine,learned,0.2131737292944412,0.3406531408239461,0.17859756097560975,0.15222813698888352,0,0.09683304198551923
"RegCF[learned,k=20,lam=5]",val,20,0.9530747009612124,0.7446716347636766,9596,0.0921500000404194,0.020548583008348942,0.01719120901543647,894148,0.3079667063020214,518,943,880,1.0,0.04454545454545454,0.0,0.07229237015412329,0.07380340223322625,0.0,0.15825537304020018,0.33181818181818185,0.0,0.4711338571859452,0.06823678524813181,0.0,0.12311114831436729,0.03150617480788612,0.0,0.07611154731410051,2.932814544112031,2.8694388139489195,0.35666785479964197,0.7307403701901224,0.7514673870474315,0.08343253920668094,0.11340905119472008,0.10440214158239144,0.04399085888979315,0.47613997879109227,0.5,0.1811532691518861,0.3848356309650053,0.4,0.13151553928352208,0.13902439024390245,0.1,0.14352220227802742,rating,regression,5.0,adjusted_cosine,learned,0.3391182985263623,0.4609517473712346,0.11557926829268293,0.10585291501312033,0,0.0921500000404194
"RegCF[learned,k=20,lam=5]",val,20,0.9530747009612124,0.7446716347636766,9596,0.0921500000404194,0.017329249996691942,0.016057625005487353,894148,0.5969084423305588,1004,943,880,1.0,0.028295454545454544,0.0,0.054234177917625546,0.0540424209850618,0.0,0.14075857055287352,0.2431818181818182,0.0,0.42924794793534177,0.04468619703198014,0.0,0.10819644107482336,0.020780256683902515,0.0,0.08031225189269746,4.1489910037569295,4.1129887402952905,0.5523325048777297,0.7473205593302248,0.7678440256387749,0.09545103542707117,0.27865281169429645,0.27233789411064846,0.08020012421658684,0.13319194061505835,0.1,0.12064534652334273,0.28430540827147405,0.3,0.1538180745069627,0.5825026511134677,0.6,0.18807690792452522,score,regression,5.0,adjusted_cosine,learned,0.3391182985263623,0.4609517473712346,0.11557926829268293,0.10585291501312033,0,0.0921500000404194
"RegCF[learned,k=20,lam=5]",val,20,0.9530747009612124,0.7446716347636766,9596,0.0921500000404194,0.020641791052185,0.01559266698313877,894148,0.4774078478002378,803,943,880,0.9989395546129375,0.04556818181818181,0.0,0.07125333282898985,0.08583075721503952,0.0,0.1724174837437035,0.3477272727272727,0.0,0.47651972867351367,0.07603988220120814,0.0,0.14420142079249432,0.038936255983875026,0.0,0.1090019683365776,3.683178008106712,3.5999924864728996,0.5532261873989429,0.7340674237961798,0.7527164875820499,0.1056443303938879,0.21317645975259641,0.19958358120166567,0.07764981683269329,0.21749734888653235,0.2,0.15462197496340582,0.3551431601272535,0.3,0.15670626393497275,0.42735949098621423,0.4,0.20303986287343723,affinity,regression,5.0,adjusted_cosine,learned,0.3391182985263623,0.4609517473712346,0.11557926829268293,0.10585291501312033,0,0.0921500000404194
"RegCF[learned,k=20,lam=25]",val,20,0.9244396848804901,0.7262864749988475,9596,0.08432529197307304,0.02179295796668157,0.018395999970380217,894148,0.16825208085612367,283,943,880,1.0,0.05113636363636364,0.0,0.08191996174548569,0.07460024093621001,0.0,0.14844249413249175,0.3568181818181818,0.0,0.47933293014047607,0.0760737136347503,0.0,0.12843041468122113,0.03560376440138344,0.0,0.07648617000797413,2.6803846521045287,2.6423566028223697,0.2201140879607895,0.7342788222869223,0.7537391215033887,0.06686882582890624,0.08135363551085269,0.07584770969660914,0.023257995630347618,0.5761399787910922,0.6,0.14885675270793441,0.380593849416755,0.4,0.1265870270549307,0.043266171792152704,0.0,0.0714925811696093,rating,regression,25.0,adjusted_cosine,learned,0.530732655200177,0.643861333143492,0.05451219512195122,0.06075227092529969,0,0.08432529197307304
"RegCF[learned,k=20,lam=25]",val,20,0.9244396848804901,0.7262864749988475,9596,0.08432529197307304,0.019982209021691233,0.01621604198589921,894148,0.5243757431629013,882,943,880,1.0,0.042045454545454546,0.0,0.06948795479073383,0.0818897232883905,0.0,0.17651769218567484,0.3261363636363636,0.0,0.4690644522207582,0.0708830308789426,0.0,0.1353270233841399,0.03508636857520786,0.0,0.09450423048227756,3.55002392782389,3.52884313885112,0.5264155563801248,0.7337529776388801,0.752151608118968,0.09532224821270271,0.195395925896253,0.1902439024390244,0.07227037699092151,0.2604453870625663,0.2,0.171649339315061,0.3523860021208908,0.3,0.1575830300309815,0.38716861081654297,0.4,0.20288455972869376,score,regression,25.0,adjusted_cosine,learned,0.530732655200177,0.643861333143492,0.05451219512195122,0.06075227092529969,0,0.08432529197307304
"RegCF[learned,k=20,lam=25]",val,20,0.9244396848804901,0.7262864749988475,9596,0.08432529197307304,0.019125499995425344,0.015101707947906107,894148,0.3912009512485137,658,943,880,0.9989395546129375,0.06852272727272728,0.0,0.09011482717477794,0.13234612836357862,0.0,0.21506822368534348,0.4647727272727273,0.0,0.4990411221294005,0.11396373952526968,0.0,0.16684797272625218,0.0590210061928812,0.0,0.12215967787130921,3.089680712747444,3.0254423318859884,0.485566527060223,0.7231660836089643,0.7450922126086235,0.1048742932041266,0.13479459469348334,0.12355740630577039,0.062648610566948,0.4009544008483563,0.4,0.20803687877183163,0.3717921527041357,0.4,0.15354851257274196,0.22725344644750797,0.2,0.18002590762568962,affinity,regression,25.0,adjusted_cosine,learned,0.530732655200177,0.643861333143492,0.05451219512195122,0.06075227092529969,0,0.08432529197307304
"RegCF[learned,k=20,lam=100]",val,20,0.9196425664987743,0.7256884932859962,9596,0.08059974998468533,0.02123820799170062,0.016998374951072037,894148,0.07372175980975029,124,943,880,1.0,0.04795454545454546,0.0,0.08134477097783194,0.07144843864067983,0.0,0.14865112844934766,0.3306818181818182,0.0,0.4707261967880457,0.06972948985178706,0.0,0.1263034282147441,0.032295382431171124,0.0,0.07894295510824054,2.6324071119198655,2.617469933930669,0.15975980872395376,0.7365280862656822,0.7537391215033887,0.054977881521415105,0.07556332612701498,0.07245687091017251,0.014566889509995668,0.6019088016967127,0.6,0.12625827065863462,0.3790031813361612,0.4,0.1184841581967136,0.019088016967126194,0.0,0.04268603214554993,rating,regression,100.0,adjusted_cosine,learned,0.6688044201208124,0.7653866540872907,0.03484756097560976,0.02824171640972938,0,0.08059974998468533
"RegCF[learned,k=20,lam=100]",val,20,0.9196425664987743,0.7256884932859962,9596,0.08059974998468533,0.021795624983496964,0.017067625012714416,894148,0.4577883472057075,770,943,880,1.0,0.05443181818181818,0.0,0.08054645497884892,0.1033081119375392,0.0,0.1964271516320772,0.3931818181818182,0.0,0.48873439549424497,0.09011959398312928,0.0,0.14940448491514738,0.04527350388808722,0.0,0.10496669488457915,3.161620964895232,3.1306883482941377,0.5036546834478808,0.7200059536226612,0.7400125251982277,0.09729384249819059,0.14386553476791009,0.13575252825698989,0.06528168621875999,0.3803817603393425,0.4,0.21031535962688766,0.3653234358430541,0.4,0.1606650071891944,0.2542948038176034,0.2,0.1918180590442902,score,regression,100.0,adjusted_cosine,learned,0.6688044201208124,0.7653866540872907,0.03484756097560976,0.02824171640972938,0,0.08059974998468533
"RegCF[learned,k=20,lam=100]",val,20,0.9196425664987743,0.7256884932859962,9596,0.08059974998468533,0.02296662499429658,0.016676499973982573,894148,0.30677764565992865,516,943,880,0.9989395546129375,0.08193181818181819,0.1,0.0993878642711524,0.1599562984587272,0.07142857142857142,0.234528255965876,0.5215909090909091,1.0,0.49981768317385444,0.13867822312966843,0.07414861528507456,0.1834407235134894,0.07370888465866145,0.013888888888888888,0.13640020720265314,2.7137339762403188,2.6156022884464263,0.46084629716978315,0.7094633539185664,0.7290848347309505,0.10130461928999093,0.09004865684277463,0.07566924449732301,0.05497079630571483,0.5716861081654295,0.6,0.24087160177891961,0.3141039236479321,0.3,0.16531003432167585,0.1142099681866384,0.1,0.14654400303738052,affinity,regression,100.0,adjusted_cosine,learned,0.6688044201208124,0.7653866540872907,0.03484756097560976,0.02824171640972938,0,0.08059974998468533
"RegCF[learned,k=20,lam=300]",val,20,0.9271685381218546,0.7334455824947342,9596,0.08370458398712799,0.025421167025342584,0.027596750005614012,894148,0.036860879904875146,62,943,880,1.0,0.041249999999999995,0.0,0.07337643525970766,0.0597906126079558,0.0,0.13071456467139764,0.3034090909090909,0.0,0.4599918047537187,0.05726200996837364,0.0,0.10911826582536455,0.024853470754884442,0.0,0.06273999584545639,2.643633714082111,2.6235750663047477,0.14503297836974519,0.736104980761612,0.7537391215033887,0.046661535053743465,0.07662648413463934,0.0750148720999405,0.012340745363471321,0.5966065747613998,0.6,0.12072472696986955,0.3915164369034994,0.4,0.11264118998265743,0.011876988335100742,0.0,0.03365520390899325,rating,regression,300.0,adjusted_cosine,learned,0.7132366789015593,0.8049275858268625,0.031158536585365854,0.012294751740344119,0,0.08370458398712799
"RegCF[learned,k=20,lam=300]",val,20,0.9271685381218546,0.7334455824947342,9596,0.08370458398712799,0.019841083034407347,0.01569491601549089,894148,0.41200951248513673,693,943,880,1.0,0.05795454545454545,0.0,0.08360695589327972,0.10835379378218492,0.0,0.1970714970277131,0.41704545454545455,0.0,0.4933509184769224,0.09680919045023018,0.0,0.15539278239076423,0.04947181029398291,0.0,0.11012522168440743,2.98194561990472,2.933208207868237,0.5018973443303117,0.7156814961626845,0.7314476092091807,0.09548185736848044,0.12143840805761859,0.11005353955978583,0.06261272163792135,0.45365853658536587,0.4,0.23491625207087763,0.35090137857900316,0.3,0.16815703227461334,0.19544008483563097,0.2,0.1811451904000996,score,regression,300.0,adjusted_cosine,learned,0.7132366789015593,0.8049275858268625,0.031158536585365854,0.012294751740344119,0,0.08370458398712799
"RegCF[learned,k=20,lam=300]",val,20,0.9271685381218546,0.7334455824947342,9596,0.08370458398712799,0.02100983401760459,0.015069417015183717,894148,0.26694411414982167,449,943,880,0.9989395546129375,0.08340909090909092,0.1,0.10117496715440433,0.1649674528558105,0.06666666666666667,0.2408325170503865,0.5215909090909091,1.0,0.49981768317385444,0.1434105576599297,0.07336392209936006,0.18687496912673593,0.07727759167640119,0.014285714285714285,0.13725291447558155,2.5557258938009646,2.426823788144123,0.43802863230726613,0.6987542035249148,0.7148427673009923,0.09892364601803401,0.07263949966660001,0.05550267697798929,0.050317757927901115,0.6591728525980912,0.7,0.2460692142480751,0.2633085896076352,0.2,0.17524770821930621,0.07751855779427361,0.0,0.12745838763615971,affinity,regression,300.0,adjusted_cosine,learned,0.7132366789015593,0.8049275858268625,0.031158536585365854,0.012294751740344119,0,0.08370458398712799
"RegCF[learned,k=20,lam=1000]",val,20,0.9355098869564684,0.7410503824873883,9596,0.08879775000968948,0.01993166602915153,0.01713629101868719,894148,0.022592152199762187,38,943,880,1.0,0.039318181818181815,0.0,0.07249487769038215,0.05814089074170879,0.0,0.1341958481212456,0.2875,0.0,0.4528540513331792,0.051068332784522726,0.0,0.10019241153405357,0.020798523607675392,0.0,0.05666618195123454,2.6476701840012336,2.6346306860261763,0.1388960019165094,0.7349243804897152,0.7537391215033887,0.04454661270791396,0.07693414577370562,0.07566924449732301,0.011194608228756927,0.5875927889713679,0.6,0.1191122311089442,0.4048780487804878,0.4,0.11038227810740367,0.007529162248144221,0.0,0.02796234479000601,rating,regression,1000.0,adjusted_cosine,learned,0.7229912283800786,0.8190322444736402,0.030274390243902438,0.004203921245269223,0,0.08879775000968948
"RegCF[learned,k=20,lam=1000]",val,20,0.9355098869564684,0.7410503824873883,9596,0.08879775000968948,0.017195874999742955,0.01647474995115772,894148,0.3977407847800238,669,943,880,1.0,0.061818181818181814,0.0,0.08793607998306663,0.11419571599344837,0.0,0.2040681370048668,0.4284090909090909,0.0,0.49512960430524494,0.10249878978962657,0.0,0.1614068555624215,0.05295463868417737,0.0,0.11519801256832786,2.8945424789960317,2.840801854322783,0.5093640738864882,0.7135572353614438,0.728566090426783,0.09515603151759458,0.11116142426458017,0.09922665080309338,0.06241351451390813,0.4957582184517497,0.5,0.24646768428933205,0.33457051961823964,0.3,0.17507353947848855,0.16967126193001064,0.1,0.17573804964368758,score,regression,1000.0,adjusted_cosine,learned,0.7229912283800786,0.8190322444736402,0.030274390243902438,0.004203921245269223,0,0.08879775000968948
"RegCF[learned,k=20,lam=1000]",val,20,0.9355098869564684,0.7410503824873883,9596,0.08879775000968948,0.019808707991614938,0.015573290991596878,894148,0.24910820451843044,419,943,880,0.9989395546129375,0.08420454545454546,0.1,0.10368875267339724,0.16392712345565646,0.06666666666666667,0.24024655802994765,0.5159090909090909,1.0,0.5000310260308698,0.1432693674409039,0.06868731142753402,0.18818912424127557,0.07754479764338396,0.011728395061728396,0.13813849406010273,2.4779735498330453,2.349286884711458,0.43140734926779567,0.6901829695758588,0.703618872670386,0.09598043798525478,0.06473725746491099,0.04782867340868531,0.04874181035150273,0.7064687168610817,0.8,0.2466130245808964,0.23149522799575822,0.2,0.17933171451449123,0.06203605514316013,0.0,0.11702654885116429,affinity,regression,1000.0,adjusted_cosine,learned,0.7229912283800786,0.8190322444736402,0.030274390243902438,0.004203921245269223,0,0.08879775000968948
"RegCF[learned,k=20,lam=3000]",val,20,0.9394300421003443,0.7444052311042255,9596,0.1442995830439031,0.02065650001168251,0.01596983300987631,894148,0.020214030915576695,34,943,880,1.0,0.03977272727272727,0.0,0.0736498074396548,0.05843942002056242,0.0,0.1345567103254265,0.28863636363636364,0.0,0.45338615219178907,0.049758758240684674,0.0,0.09762327825057951,0.019833906668728096,0.0,0.05468530931995712,2.642838900426565,2.629146009563376,0.1340489831409989,0.7344962717655373,0.7537391215033887,0.0441023234421786,0.07653677840350294,0.07560975609756096,0.010519737198160196,0.5902439024390242,0.6,0.11706896320956664,0.40466595970307523,0.4,0.11010258571636442,0.005090137857900319,0.0,0.023394687419373436,rating,regression,3000.0,adjusted_cosine,learned,0.7230905003419879,0.823184421150866,0.029847560975609755,0.0014645282842681332,0,0.1442995830439031
"RegCF[learned,k=20,lam=3000]",val,20,0.9394300421003443,0.7444052311042255,9596,0.1442995830439031,0.01685529202222824,0.01507466600742191,894148,0.3864447086801427,650,943,880,1.0,0.06284090909090909,0.0,0.08869485806249792,0.1143954189630377,0.0,0.20196142841214465,0.4329545454545455,0.0,0.49576628289983227,0.10387722079888319,0.0,0.16234103870840538,0.053827784828156845,0.0,0.11585186881520815,2.869243344285707,2.8114899485100593,0.5134457313551191,0.7117665043322472,0.7290096501786321,0.09614509382995397,0.1082974647091219,0.09613325401546699,0.06258571166113534,0.5104984093319194,0.5,0.25125178274153687,0.3258748674443267,0.3,0.17596761075969042,0.163626723223754,0.1,0.17522323222396494,score,regression,3000.0,adjusted_cosine,learned,0.7230905003419879,0.823184421150866,0.029847560975609755,0.0014645282842681332,0,0.1442995830439031
"RegCF[learned,k=20,lam=3000]",val,20,0.9394300421003443,0.7444052311042255,9596,0.1442995830439031,0.023915208992548287,0.016254750022199005,894148,0.24197384066587396,407,943,880,0.9989395546129375,0.08340909090909092,0.1,0.10350937000268864,0.16304219469606193,0.06666666666666667,0.23939423044678287,0.5159090909090909,1.0,0.5000310260308698,0.1431564741399687,0.06943122193677728,0.19052854709338082,0.07816710364701436,0.01242283950617284,0.14241270442571832,2.451510156234244,2.3237114827673655,0.4259620956042678,0.686847024935431,0.6998104268276939,0.09500234160508697,0.06204646403601351,0.045568114217727544,0.047917780548587176,0.7232237539766703,0.8,0.24417067876657958,0.21919406150583245,0.2,0.17888124696768481,0.057582184517497345,0.0,0.11428392113150955,affinity,regression,3000.0,adjusted_cosine,learned,0.7230905003419879,0.823184421150866,0.029847560975609755,0.0014645282842681332,0,0.1442995830439031
"RegCF[similarity,k=20,lam=0]",val,20,0.9211815870929806,0.7279408668693936,9596,0.190973834018223,0.0446545000304468,0.02316650003194809,881224,0.09571938168846611,161,943,880,1.0,0.04090909090909091,0.0,0.07317963566044582,0.0627649014512311,0.0,0.14098123814522256,0.30113636363636365,0.0,0.45901272055307757,0.05338982750439973,0.0,0.10446844910953114,0.022212863291360317,0.0,0.062215740988549796,3.0123122445757224,2.862431362789764,0.5256724012591395,0.7354646115051207,0.7537391215033887,0.05788241988618058,0.12699991105127925,0.09494348602022605,0.07119067035713433,0.5384941675503712,0.6,0.14742179803906774,0.36998939554612936,0.3,0.12033525308833576,0.09151643690349946,0.1,0.11339263230365361,rating,regression,0.0,adjusted_cosine,similarity,1.0,1.0,0.0,0.041349583828775266,0,0.190973834018223
"RegCF[similarity,k=20,lam=0]",val,20,0.9211815870929806,0.7279408668693936,9596,0.190973834018223,0.0178225829731673,0.015703750017564744,881224,0.6789536266349584,1142,943,880,1.0,0.015227272727272728,0.0,0.03927607928988265,0.035546323278834335,0.0,0.1296390581278427,0.1409090909090909,0.0,0.34812560455932906,0.020335153704638644,0.0,0.06097003290908972,0.0071608270202020196,0.0,0.029032963550404026,6.249587297219286,6.36174817110559,0.903254181505746,0.7136962682765166,0.7321049241391929,0.11255016896294728,0.5825104735541574,0.59738251041047,0.12911922203854206,0.053870625662778365,0.0,0.10022994907958202,0.0914103923647932,0.1,0.1066793923779384,0.8547189819724285,0.9,0.15597273882000495,score,regression,0.0,adjusted_cosine,similarity,1.0,1.0,0.0,0.041349583828775266,0,0.190973834018223
"RegCF[similarity,k=20,lam=0]",val,20,0.9211815870929806,0.7279408668693936,9596,0.190973834018223,0.020627250021789223,0.01535250002052635,881224,0.47919143876337694,806,943,880,0.9978791092258749,0.030113636363636363,0.0,0.057951262685381366,0.06286821018018972,0.0,0.16186773227364468,0.24659090909090908,0.0,0.43127159750673344,0.03818466711233506,0.0,0.08630678490834182,0.014305814844877345,0.0,0.049933231600104724,6.12239550039337,6.238637673139509,1.0712946655441546,0.7146352602190268,0.7303002769502969,0.11238590577352855,0.5657974505151772,0.5817370612730517,0.15081451768452003,0.11071049840933192,0.0,0.1556502147388982,0.10010604453870627,0.1,0.11533202045483008,0.7891834570519619,0.8,0.19810586947947478,affinity,regression,0.0,adjusted_cosine,similarity,1.0,1.0,0.0,0.041349583828775266,0,0.190973834018223
"RegCF[learned,k=40,lam=0]",val,40,1.2076878956783152,0.9149821493667231,9596,0.14728483400540426,0.027689125039614737,0.016101708984933794,1743656,0.2146254458977408,361,943,880,1.0,0.004431818181818183,0.0,0.021137071184542573,0.00921964592372484,0.0,0.05862234433385398,0.04318181818181818,0.0,0.20338179240087945,0.006850640520378011,0.0,0.039596871441608374,0.0028358059764309763,0.0,0.023206305559957122,4.841223875847079,4.795893795407375,0.24745356845800112,0.8017922586679131,0.8114649854239849,0.06873712286091571,0.38028990974543636,0.37537180249851276,0.03626614131427313,0.0009544008483563096,0.0,0.010763873644506598,0.005620360551431601,0.0,0.027650612250575,0.993425238600212,1.0,0.03191077794019979,rating,regression,0.0,adjusted_cosine,learned,0.004996872777831699,0.21965121660579062,0.25971036585365853,0.4723961426978716,1069,0.14728483400540426
"RegCF[learned,k=40,lam=0]",val,40,1.2076878956783152,0.9149821493667231,9596,0.14728483400540426,0.05082870798651129,0.015761875023599714,1743656,0.20689655172413793,348,943,880,1.0,0.004318181818181818,0.0,0.020890061353598766,0.008376738830817746,0.0,0.050540688742189345,0.042045454545454546,0.0,0.200807012843362,0.006328066305750771,0.0,0.0364562675215734,0.0025096500721500724,0.0,0.02073911455921825,4.86817900478909,4.822653917439779,0.24722809512343513,0.8047091082407435,0.8132049468014263,0.0650479603005273,0.3844643173690356,0.3782867340868531,0.03623407794039059,0.00021208907741251327,0.0,0.004602867907858621,0.002120890774125133,0.0,0.015134156558826804,0.9976670201484623,1.0,0.01579013923820857,score,regression,0.0,adjusted_cosine,learned,0.004996872777831699,0.21965121660579062,0.25971036585365853,0.4723961426978716,1069,0.14728483400540426
"RegCF[learned,k=40,lam=0]",val,40,1.2076878956783152,0.9149821493667231,9596,0.14728483400540426,0.026984249998349696,0.015783083043061197,1743656,0.21759809750297265,366,943,880,0.9989395546129375,0.004659090909090909,0.0,0.021620833484935483,0.006715382293959874,0.0,0.04585302120289795,0.045454545454545456,0.0,0.208417347833773,0.005546377649974588,0.0,0.029313333697443687,0.0018497098965848965,0.0,0.012429824126927051,4.8360018919279115,4.782948785340846,0.2507036469897725,0.8014709005872731,0.8149238416723069,0.07861616220675086,0.3803306621380623,0.3725163593099346,0.03732789808817285,0.0008483563096500531,0.0,0.01026823451605632,0.006362672322375399,0.0,0.026102524588221595,0.9927889713679746,1.0,0.029341046900707886,affinity,regression,0.0,adjusted_cosine,learned,0.004996872777831699,0.21965121660579062,0.25971036585365853,0.4723961426978716,1069,0.14728483400540426
"RegCF[learned,k=40,lam=1]",val,40,1.0413419758745848,0.8051498154849315,9596,0.10433329094666988,0.0279217500356026,0.016551667009480298,1742444,0.43103448275862066,725,943,880,1.0,0.031363636363636364,0.0,0.05718424841357362,0.05841483227520576,0.0,0.1434454670565111,0.2636363636363636,0.0,0.44085495027939925,0.0461404063189185,0.0,0.09702664898580171,0.01938563104113699,0.0,0.05872947553690664,3.5076413484393583,3.5241916325032663,0.4697361624178235,0.7127482896342281,0.7306167709379793,0.10731433472306895,0.18750011828287336,0.1873289708506841,0.06270969235981348,0.25885471898197243,0.2,0.18853430391906625,0.3773064687168611,0.4,0.1384412712851697,0.3638388123011665,0.4,0.19764243029828946,rating,regression,1.0,adjusted_cosine,learned,0.197550990479134,0.30196595232301165,0.210625,0.12058892759358586,0,0.10433329094666988
"RegCF[learned,k=40,lam=1]",val,40,1.0413419758745848,0.8051498154849315,9596,0.10433329094666988,0.028113292006310076,0.016639458015561104,1742444,0.5766944114149821,970,943,880,1.0,0.01897727272727273,0.0,0.04516534590113555,0.03592124377750081,0.0,0.11598459368828623,0.16477272727272727,0.0,0.3711862644836942,0.028508042310217977,0.0,0.0825302134365371,0.012402036951144094,0.0,0.053433211132539155,4.357256495105029,4.304512563495405,0.504250956062665,0.753295517818124,0.7688891308340049,0.09441548086039744,0.3058757884736336,0.2972635336109458,0.07503070219149083,0.05896076352067868,0.0,0.08243753054209753,0.26203605514316014,0.2,0.15372546590756528,0.6790031813361611,0.7,0.1688108245039355,score,regression,1.0,adjusted_cosine,learned,0.197550990479134,0.30196595232301165,0.210625,0.12058892759358586,0,0.10433329094666988
"RegCF[learned,k=40,lam=1]",val,40,1.0413419758745848,0.8051498154849315,9596,0.10433329094666988,0.027628166018985212,0.015275707992259413,1742444,0.4881093935790725,821,943,880,0.9989395546129375,0.026136363636363635,0.0,0.05180324679125457,0.05160204691989299,0.0,0.14321562375488497,0.225,0.0,0.4178197923023639,0.04101289798488874,0.0,0.10235453556430991,0.01882299307559724,0.0,0.07176085525514907,4.042323806834294,3.9561054546340957,0.542815196619872,0.7358348590193343,0.7548050128108797,0.10742935235444326,0.2607610603949197,0.24586555621653777,0.07970676366369607,0.11049840933191943,0.1,0.10730270369565263,0.3362672322375398,0.3,0.16277731737069295,0.5532343584305408,0.6,0.1932173544984807,affinity,regression,1.0,adjusted_cosine,learned,0.197550990479134,0.30196595232301165,0.210625,0.12058892759358586,0,0.10433329094666988
"RegCF[learned,k=40,lam=5]",val,40,0.9769305499591371,0.760128440824128,9596,0.0999400420114398,0.029077916988171637,0.016740916995331645,1742444,0.31272294887039237,526,943,880,1.0,0.04431818181818182,0.0,0.071642448291118,0.0715655037797715,0.0,0.1473490119346265,0.3386363636363636,0.0,0.4735151195205076,0.06633224264988861,0.0,0.1178770207498005,0.029637687103460913,0.0,0.07118373993764149,2.9429217356213115,2.902331141827931,0.330899177249425,0.7227555231785867,0.7340526316669358,0.08618219099584036,0.11267607588524481,0.10559190957763236,0.040267842806266434,0.44973488865323435,0.5,0.18204264952020094,0.41251325556733826,0.4,0.1411671983948809,0.13775185577942736,0.1,0.13667275347995422,rating,regression,5.0,adjusted_cosine,learned,0.3034458752503798,0.4116011594347141,0.15582317073170732,0.08051475968827669,0,0.0999400420114398
"RegCF[learned,k=40,lam=5]",val,40,0.9769305499591371,0.760128440824128,9596,0.0999400420114398,0.025979167025070637,0.01668691699160263,1742444,0.5642092746730083,949,943,880,1.0,0.029545454545454545,0.0,0.056154935411985046,0.05351765749541495,0.0,0.14135236419787015,0.24886363636363637,0.0,0.43260049650333293,0.047755497732817884,0.0,0.10923673326430121,0.02241441126113745,0.0,0.0764199074938096,3.8987928060511874,3.8520271632044683,0.5381221195812135,0.7498972515748136,0.7629459462222855,0.08863690947920297,0.2413967346356856,0.2310529446757882,0.07767997304387673,0.15864262990455993,0.1,0.13253634908326253,0.34644750795334045,0.3,0.16868921143577456,0.49490986214209975,0.5,0.20067711106870456,score,regression,5.0,adjusted_cosine,learned,0.3034458752503798,0.4116011594347141,0.15582317073170732,0.08051475968827669,0,0.0999400420114398
"RegCF[learned,k=40,lam=5]",val,40,0.9769305499591371,0.760128440824128,9596,0.0999400420114398,0.027525916986633092,0.015938042022753507,1742444,0.44292508917954815,745,943,880,0.9989395546129375,0.046477272727272735,0.0,0.0706630352930803,0.09056430863088542,0.0,0.18472856598496457,0.35795454545454547,0.0,0.4796712921962756,0.07632153390930943,0.0,0.14173209328131822,0.03785795347179275,0.0,0.10428662655829467,3.5003905718587256,3.417690859166168,0.5467767965308635,0.7373509438818904,0.7586990982628681,0.10714350353023619,0.18658236935420072,0.17096966091612134,0.07604516692623016,0.24761399787910923,0.2,0.1626875252951311,0.4093319194061506,0.4,0.15807318815138036,0.3430540827147402,0.3,0.205889928546907,affinity,regression,5.0,adjusted_cosine,learned,0.3034458752503798,0.4116011594347141,0.15582317073170732,0.08051475968827669,0,0.0999400420114398
"RegCF[learned,k=40,lam=25]",val,40,0.9293266606586917,0.7276012825769166,9596,0.10354425001423806,0.028478624997660518,0.016723083972465247,1742444,0.1759809750297265,296,943,880,1.0,0.05136363636363637,0.0,0.08051571286783839,0.0768625776957264,0.0,0.14811732671214303,0.3625,0.0,0.4809954836483419,0.07768407778783806,0.0,0.13322073358475037,0.03672030698853615,0.0,0.08584723980725611,2.6857784174278114,2.6492768419844097,0.2255046650807858,0.7284503726443801,0.7453992130828034,0.07055453097993002,0.08174166641958687,0.07656157049375371,0.024035541460454,0.5694591728525981,0.6,0.15051371402116356,0.38557794273594914,0.4,0.13042418147648036,0.04496288441145281,0.0,0.07410881496398122,rating,regression,25.0,adjusted_cosine,learned,0.47176991916774486,0.5826668387965559,0.09016768292682927,0.04501681755438278,0,0.10354425001423806
"RegCF[learned,k=40,lam=25]",val,40,0.9293266606586917,0.7276012825769166,9596,0.10354425001423806,0.02836925000883639,0.016793542017694563,1742444,0.5,841,943,880,1.0,0.04465909090909091,0.0,0.07507976590479869,0.08163667554207184,0.0,0.17358388305090003,0.325,0.0,0.46864119897725554,0.07239510312741332,0.0,0.13566670911618323,0.03565686932390801,0.0,0.09583445134134999,3.4071681350050658,3.3588701442835265,0.5099291947844804,0.7329440024507503,0.7514945273628901,0.09461202119836748,0.17493431357767528,0.16513979773944082,0.06913892421961482,0.2953340402969247,0.3,0.18146452390655057,0.376033934252386,0.4,0.15760403133923268,0.32863202545068926,0.3,0.2006013658363394,score,regression,25.0,adjusted_cosine,learned,0.47176991916774486,0.5826668387965559,0.09016768292682927,0.04501681755438278,0,0.10354425001423806
"RegCF[learned,k=40,lam=25]",val,40,0.9293266606586917,0.7276012825769166,9596,0.10354425001423806,0.03162933298153803,0.015838166000321507,1742444,0.3686087990487515,620,943,880,0.9989395546129375,0.06681818181818182,0.0,0.08711721674210374,0.13367472248545034,0.0,0.22182339809095292,0.4590909090909091,0.0,0.4986070160545134,0.1112208725752596,0.0,0.163960732942521,0.05706520312249479,0.0,0.11725975933156679,3.001869199433861,2.9176088720786986,0.4635876282712182,0.7270967974420298,0.7503429801890216,0.1056585393283861,0.12241085098692076,0.1083283759666865,0.0595340968169264,0.4237539766702015,0.4,0.2027096459341878,0.3959703075291623,0.4,0.1505287466765733,0.18027571580063625,0.1,0.17040331922737545,affinity,regression,25.0,adjusted_cosine,learned,0.47176991916774486,0.5826668387965559,0.09016768292682927,0.04501681755438278,0,0.10354425001423806
"RegCF[learned,k=40,lam=100]",val,40,0.9180050338813767,0.7226135755972118,9596,0.10107999999308959,0.03840316698187962,0.016626291966531426,1742444,0.0850178359096314,143,943,880,1.0,0.048863636363636366,0.0,0.08219724076568624,0.07279208736127704,0.0,0.1496466437245578,0.33295454545454545,0.0,0.47153842351232084,0.07180357319050158,0.0,0.12911237334018338,0.03347644958656863,0.0,0.07981732964584265,2.637293497264029,2.6185702678661054,0.17223770918683692,0.7372475104059156,0.7537391215033887,0.05582065851119709,0.07592057194658282,0.07364663890541343,0.016219908392849116,0.5969247083775184,0.6,0.13347026535869394,0.3831389183457052,0.4,0.12148195326859891,0.019936373276776245,0.0,0.04590672004423021,rating,regression,100.0,adjusted_cosine,learned,0.617160951676523,0.7185558325479398,0.05538109756097561,0.021416386514742567,0,0.10107999999308959
"RegCF[learned,k=40,lam=100]",val,40,0.9180050338813767,0.7226135755972118,9596,0.10107999999308959,0.025690083974041045,0.016520083998329937,1742444,0.4447086801426873,748,943,880,1.0,0.05477272727272728,0.0,0.08532847957159802,0.10087006087388928,0.0,0.19152861492667372,0.3784090909090909,0.0,0.4852661593636202,0.08922346957031185,0.0,0.14825497591810805,0.044595837019572135,0.0,0.10013147144198059,3.088928177101024,3.0398164491789696,0.482552708422573,0.7188652311692888,0.7362844959880566,0.09579452009983962,0.1336064668874193,0.12415229030339084,0.06208216065660951,0.3985153764581124,0.4,0.21190151521838765,0.3794273594909862,0.4,0.15666674834254476,0.2220572640509014,0.2,0.18897760712708536,score,regression,100.0,adjusted_cosine,learned,0.617160951676523,0.7185558325479398,0.05538109756097561,0.021416386514742567,0,0.10107999999308959
"RegCF[learned,k=40,lam=100]",val,40,0.9180050338813767,0.7226135755972118,9596,0.10107999999308959,0.02748641697689891,0.016167292022146285,1742444,0.29310344827586204,493,943,880,0.9989395546129375,0.08090909090909092,0.1,0.09763571824965477,0.1563019095169604,0.0625,0.22797175455013044,0.5193181818181818,1.0,0.4999107894352077,0.13431562873122657,0.06943122193677728,0.17796137384438507,0.07055755936633913,0.0125,0.1306375991932696,2.6761348681224444,2.575445069437417,0.42721358044980784,0.7156002763962971,0.7303906668068966,0.09987896113175455,0.0847642196516112,0.07037477691850089,0.05083539466904728,0.5827147401908802,0.6,0.2279984222230751,0.3238600212089077,0.3,0.16347198128545556,0.09342523860021208,0.0,0.13606244850480392,affinity,regression,100.0,adjusted_cosine,learned,0.617160951676523,0.7185558325479398,0.05538109756097561,0.021416386514742567,0,0.10107999999308959
"RegCF[learned,k=40,lam=300]",val,40,0.9246699755396433,0.7304387184042119,9596,0.11409554095007479,0.03622270899359137,0.01611454098019749,1742444,0.04280618311533888,72,943,880,1.0,0.04386363636363637,0.0,0.07696506924815139,0.06459913851520246,0.0,0.14142624855140248,0.3079545454545455,0.0,0.4619101634183753,0.061337408540787675,0.0,0.11580739598746707,0.02696060323329669,0.0,0.06799536058730946,2.6432393650634123,2.6235750663047472,0.14657471618143095,0.7365012447855892,0.7537391215033887,0.04630689443838376,0.07641155626826683,0.07519333729922664,0.012488339520949857,0.5942735949098621,0.6,0.12116331652024023,0.3942735949098621,0.4,0.11262679767570853,0.011452810180275717,0.0,0.033168002673211607,rating,regression,300.0,adjusted_cosine,learned,0.6813332707011692,0.7757096418528032,0.04576219512195122,0.009651731503259908,0,0.11409554095007479
"RegCF[learned,k=40,lam=300]",val,40,0.9246699755396433,0.7304387184042119,9596,0.11409554095007479,0.027124709042254835,0.016670042008627206,1742444,0.4001189060642093,673,943,880,1.0,0.05977272727272727,0.0,0.08714896786573008,0.11315421733497406,0.0,0.20256095517455075,0.4113636363636364,0.0,0.49236071254585473,0.09868946459425455,0.0,0.1553437232072847,0.04963301059059988,0.0,0.1059496969690053,2.927004684806487,2.862541694309078,0.4693412149511181,0.7151483905618112,0.7329792678442782,0.09482850155665609,0.11396734635685596,0.10261748958953003,0.05815801552880193,0.4658536585365854,0.5,0.23048109889501472,0.3615058324496288,0.4,0.16058763413035726,0.1726405090137858,0.1,0.17483424097698844,score,regression,300.0,adjusted_cosine,learned,0.6813332707011692,0.7757096418528032,0.04576219512195122,0.009651731503259908,0,0.11409554095007479
"RegCF[learned,k=40,lam=300]",val,40,0.9246699755396433,0.7304387184042119,9596,0.11409554095007479,0.029427082976326346,0.016612584004178643,1742444,0.25148632580261593,423,943,880,0.9989395546129375,0.085,0.1,0.10209411438043958,0.16969611889696776,0.08695652173913043,0.23900039462025616,0.5409090909090909,1.0,0.4986070160545134,0.14376879001755893,0.07945707943276742,0.1850640968988511,0.07638448490717835,0.016666666666666666,0.13666542449530103,2.5194096071854735,2.418521967814569,0.40291542909532185,0.7052291195663475,0.7204361947106993,0.09502053851192319,0.06796622219642778,0.05395597858417609,0.045906738483758855,0.6745493107104984,0.7,0.2324273816621864,0.26521739130434785,0.2,0.1727113937024168,0.06023329798515376,0.0,0.11398378043462618,affinity,regression,300.0,adjusted_cosine,learned,0.6813332707011692,0.7757096418528032,0.04576219512195122,0.009651731503259908,0,0.11409554095007479
"RegCF[learned,k=40,lam=1000]",val,40,0.9340513781864792,0.7395118995833351,9596,0.10231554199708626,0.03262112499214709,0.0162425420130603,1742444,0.022592152199762187,38,943,880,1.0,0.04045454545454545,0.0,0.0740492885527894,0.059508914058261524,0.0,0.1347827520661547,0.29318181818181815,0.0,0.4554799577730964,0.05290775382003343,0.0,0.10321884973057108,0.021740102269864173,0.0,0.05857345568523847,2.6460078212627844,2.631581613690605,0.13990385088715496,0.7351951790073383,0.7537391215033887,0.04401109663101269,0.07676432310969775,0.07560975609756096,0.011275976376897425,0.5882290562036054,0.6,0.12085743967983952,0.40424178154825025,0.4,0.11203120240315653,0.007529162248144222,0.0,0.027962344790006012,rating,regression,1000.0,adjusted_cosine,learned,0.7047242718063389,0.7982617045168585,0.04283536585365854,0.003390652711741483,0,0.10231554199708626
"RegCF[learned,k=40,lam=1000]",val,40,0.9340513781864792,0.7395118995833351,9596,0.10231554199708626,0.040750957967247814,0.016869334038347006,1742444,0.3769322235434007,634,943,880,1.0,0.06136363636363636,0.0,0.08851167072648483,0.11302191657669367,0.0,0.1984784753152496,0.4193181818181818,0.0,0.49372811615689355,0.10193300242753552,0.0,0.1597958420390268,0.05214880469233148,0.0,0.11058795717432564,2.836620294947867,2.7801687027078392,0.46953280646074763,0.714280891719584,0.7285126128966964,0.09354598981191393,0.10327514236526636,0.09125520523497918,0.05691090254505324,0.5129374337221633,0.5,0.2425583811541911,0.3422057264050901,0.3,0.1699263362603315,0.14485683987274658,0.1,0.16687637233826744,score,regression,1000.0,adjusted_cosine,learned,0.7047242718063389,0.7982617045168585,0.04283536585365854,0.003390652711741483,0,0.10231554199708626
"RegCF[learned,k=40,lam=1000]",val,40,0.9340513781864792,0.7395118995833351,9596,0.10231554199708626,0.0270870000240393,0.016059457964729518,1742444,0.2235434007134364,376,943,880,0.9989395546129375,0.08636363636363636,0.1,0.10317134888794441,0.17255969577429142,0.09090909090909091,0.24052410281304903,0.5465909090909091,1.0,0.49810765078609404,0.14787396542328207,0.08274602130532004,0.18735674316211587,0.07895545788812157,0.016666666666666666,0.1378737519045668,2.4345171293352084,2.329618710196374,0.3917857945215691,0.697341688941756,0.7131542241253863,0.09187197126924707,0.05948947219343129,0.04491374182034503,0.043814561568402535,0.730965005302227,0.8,0.22987077936787034,0.22184517497348888,0.2,0.17360297517295742,0.047189819724284196,0.0,0.10318727961004705,affinity,regression,1000.0,adjusted_cosine,learned,0.7047242718063389,0.7982617045168585,0.04283536585365854,0.003390652711741483,0,0.10231554199708626
"RegCF[learned,k=40,lam=3000]",val,40,0.9388131912347192,0.743784333215965,9596,0.11166062497068197,0.028982709045521915,0.015596124983858317,1742444,0.020214030915576695,34,943,880,1.0,0.04011363636363636,0.0,0.0743113138924844,0.05898862145044566,0.0,0.13539354548968982,0.28863636363636364,0.0,0.45338615219178907,0.049798265132337864,0.0,0.09721909190389742,0.01977603665624499,0.0,0.05429334923116894,2.6420886619820934,2.629146009563376,0.1344915511815691,0.7350023766882984,0.7537391215033887,0.04338392816509202,0.07649293488512052,0.07560975609756097,0.010542920145571259,0.5889713679745493,0.6,0.11722780835598826,0.40593849416755035,0.4,0.1103302532876245,0.005090137857900319,0.0,0.023394687419373436,rating,regression,3000.0,adjusted_cosine,learned,0.7094799613865106,0.8044385595923208,0.042195121951219515,0.0011948297947957825,0,0.11166062497068197
"RegCF[learned,k=40,lam=3000]",val,40,0.9388131912347192,0.743784333215965,9596,0.11166062497068197,0.026330540946219116,0.01634516700869426,1742444,0.37395957193816887,629,943,880,1.0,0.06136363636363636,0.0,0.08940686637322609,0.1108863848104801,0.0,0.19615143029129423,0.4147727272727273,0.0,0.4929629423283758,0.10284557852140991,0.0,0.1639499387394675,0.05363478875346435,0.0,0.11652356588956754,2.8085602721285947,2.742771723698902,0.47079657960941923,0.7153675669150839,0.7252453104293571,0.09249678728442516,0.10007336692356654,0.08774538964901843,0.056710725007223226,0.5266171792152704,0.5,0.2446929459419156,0.33796394485683995,0.3,0.1727782557573528,0.1354188759278897,0.1,0.16413257013007412,score,regression,3000.0,adjusted_cosine,learned,0.7094799613865106,0.8044385595923208,0.042195121951219515,0.0011948297947957825,0,0.11166062497068197
"RegCF[learned,k=40,lam=3000]",val,40,0.9388131912347192,0.743784333215965,9596,0.11166062497068197,0.028332791989669204,0.01591608300805092,1742444,0.21938168846611178,369,943,880,0.9989395546129375,0.0865909090909091,0.1,0.10505847944757722,0.1734723765940142,0.08333333333333333,0.24225813420487058,0.5431818181818182,1.0,0.49841511146061684,0.14842726596304506,0.08472867594875336,0.19057129779368584,0.07989079607011156,0.017857142857142856,0.14324569577523108,2.408497723837805,2.305476607227985,0.3871914091625732,0.6929488109167184,0.7049294534877328,0.09092954304691132,0.05693878877076022,0.04324806662700773,0.043012008405240366,0.7465535524920467,0.8,0.22794731355164752,0.21060445387062568,0.2,0.17398158461404153,0.04284199363732768,0.0,0.09908918250893337,affinity,regression,3000.0,adjusted_cosine,learned,0.7094799613865106,0.8044385595923208,0.042195121951219515,0.0011948297947957825,0,0.11166062497068197
"RegCF[similarity,k=40,lam=0]",val,40,0.9237042926951199,0.7294796150399943,9596,0.14343716704752296,0.029409666021820158,0.07145129196578637,1712708,0.06896551724137931,116,943,880,1.0,0.03875,0.0,0.07033662760726224,0.05994885314012953,0.0,0.14182285133481298,0.2897727272727273,0.0,0.45391478121657153,0.049128886988517376,0.0,0.09564373953032979,0.01923285541068279,0.0,0.04811625365197154,3.005162608634354,2.8210526002551535,0.5288888071118732,0.7403347907421082,0.7537391215033887,0.0497589809839993,0.12615521362517765,0.08958953004164187,0.07144108273594449,0.5439024390243902,0.6,0.13724015797161765,0.37295864262990447,0.4,0.10943032076640741,0.0831389183457052,0.0,0.10648758588023059,rating,regression,0.0,adjusted_cosine,similarity,1.0,1.0,0.0,0.020674791914387633,0,0.14343716704752296
"RegCF[similarity,k=40,lam=0]",val,40,0.9237042926951199,0.7294796150399943,9596,0.14343716704752296,0.04296212497865781,0.01760004198877141,1712708,0.5998810939357907,1009,943,880,1.0,0.008749999999999999,0.0,0.029838873332864703,0.01713102292197969,0.0,0.08132665382854294,0.08295454545454546,0.0,0.27597034964190786,0.01038629600725473,0.0,0.03972094473081641,0.0032437426990998422,0.0,0.014927335570705663,6.813623362610825,7.000709492490628,0.787604828190743,0.7106560502535346,0.7238529655659903,0.1129152717813559,0.6638222842409994,0.6914931588340274,0.11251499701726916,0.028101802757158005,0.0,0.07836778544177514,0.05514316012725345,0.0,0.08798617239233404,0.9167550371155886,1.0,0.12725782718232026,score,regression,0.0,adjusted_cosine,similarity,1.0,1.0,0.0,0.020674791914387633,0,0.14343716704752296
"RegCF[similarity,k=40,lam=0]",val,40,0.9237042926951199,0.7294796150399943,9596,0.14343716704752296,0.03274299995973706,0.01597066700924188,1712708,0.4161712247324614,700,943,880,0.9978791092258749,0.019431818181818182,0.0,0.047193305539058907,0.04142176669518842,0.0,0.13477192937424542,0.16363636363636364,0.0,0.3701556472982782,0.022930141461856388,0.0,0.06209540159774343,0.007470289809947548,0.0,0.025536776136307445,6.680086841021361,6.924115983290077,0.9980774141195049,0.7145547526328867,0.7314688683875004,0.11308910666826165,0.6454162074662674,0.6797739440809043,0.14065261342612576,0.07189819724284201,0.0,0.13228877819145432,0.061823966065747624,0.0,0.09535753915802805,0.8662778366914105,0.9,0.17511790146277134,affinity,regression,0.0,adjusted_cosine,similarity,1.0,1.0,0.0,0.020674791914387633,0,0.14343716704752296
"RegCF[learned,k=80,lam=0]",val,80,1.3650629722484415,1.0416228851901106,9596,0.6089767920202576,0.04905141604831442,0.01875008299248293,3419116,0.16884661117717004,284,943,880,1.0,0.008977272727272728,0.0,0.03052590882729184,0.02218122348106654,0.0,0.11197519339142646,0.08522727272727272,0.0,0.2793783822775504,0.014993291259224313,0.0,0.05917675566036718,0.0062473244348244346,0.0,0.0313029093526204,3.7445853046462028,3.6825448806113115,0.22432948900225222,0.7216358058151797,0.7350966382750843,0.08811414747469631,0.20644663739139268,0.1965496728138013,0.03399274724319132,0.0014846235418875928,0.0,0.014495094969524645,0.7185577942735949,0.7,0.15681692640741451,0.2799575821845175,0.3,0.15561397575883987,rating,regression,0.0,adjusted_cosine,learned,0.014649697648414513,0.2174416415798206,0.2575762195121951,0.2862981869098119,1338,0.6089767920202576
"RegCF[learned,k=80,lam=0]",val,80,1.3650629722484415,1.0416228851901106,9596,0.6089767920202576,0.0477476249798201,0.01784766698256135,3419116,0.17122473246135553,288,943,880,1.0,0.00909090909090909,0.0,0.03104682373845288,0.02116220981499405,0.0,0.10723050279512482,0.08522727272727272,0.0,0.2793783822775504,0.014588273918867207,0.0,0.05784890453555067,0.005932043650793651,0.0,0.028850983296213762,3.774677064365138,3.7045008090214466,0.24791554649043523,0.732597795730055,0.7428651597363227,0.08322313629251583,0.21103083997241956,0.20017846519928612,0.03759796277254208,0.0008483563096500531,0.0,0.009176340096760936,0.6951219512195121,0.7,0.16612724056888958,0.3040296924708377,0.3,0.16512456588791316,score,regression,0.0,adjusted_cosine,learned,0.014649697648414513,0.2174416415798206,0.2575762195121951,0.2862981869098119,1338,0.6089767920202576
"RegCF[learned,k=80,lam=0]",val,80,1.3650629722484415,1.0416228851901106,9596,0.6089767920202576,0.04389466700376943,0.018232166999951005,3419116,0.16825208085612367,283,943,880,0.9989395546129375,0.011136363636363637,0.0,0.03357472836735341,0.026413379780727414,0.0,0.1205068818104334,0.10568181818181818,0.0,0.30760477077681037,0.01879239375966985,0.0,0.07359235149895231,0.00875772607022607,0.0,0.051222630839901334,3.773260450621382,3.700093527507615,0.2608878340261346,0.7167022619948036,0.7317540486252117,0.0940043007152491,0.21102440538411021,0.19970255800118977,0.039622447474035295,0.0012725344644750796,0.0,0.012124310063879302,0.7200424178154825,0.7,0.15458731550128293,0.27868504772004243,0.3,0.1540726985986627,affinity,regression,0.0,adjusted_cosine,learned,0.014649697648414513,0.2174416415798206,0.2575762195121951,0.2862981869098119,1338,0.6089767920202576
"RegCF[learned,k=80,lam=1]",val,80,1.1187542909882002,0.8638988965711424,9596,0.16032316704513505,0.04443695803638548,0.017219375004060566,3414484,0.35434007134363854,596,943,880,1.0,0.029772727272727277,0.0,0.057040736949432985,0.056861046596545124,0.0,0.1443612584280352,0.24886363636363637,0.0,0.432600496503333,0.0432420707801947,0.0,0.09747037204318777,0.01825378394202799,0.0,0.06141642251792927,3.195222890390445,3.1802773298684768,0.32719195148539204,0.7148974027675226,0.729348906545622,0.09670311095874633,0.14013050859112167,0.13480071386079714,0.042376333701272466,0.28780487804878047,0.3,0.17231333510174535,0.5328738069989396,0.5,0.16703010898286857,0.17932131495228,0.2,0.1369471733257787,rating,regression,1.0,adjusted_cosine,learned,0.19616187935300725,0.2958076359610524,0.22073932926829268,0.09072214679226175,0,0.16032316704513505
"RegCF[learned,k=80,lam=1]",val,80,1.1187542909882002,0.8638988965711424,9596,0.16032316704513505,0.040994124952703714,0.016796667012386024,3414484,0.4714625445897741,793,943,880,1.0,0.020681818181818187,0.0,0.04504568416862446,0.03812216911115396,0.0,0.11416524167838707,0.18977272727272726,0.0,0.3923441910052119,0.033556854050207315,0.0,0.09416472118968355,0.0156925630311047,0.0,0.06715984345304726,3.739323260002546,3.619702079586074,0.5155195561087742,0.752625621940062,0.7626840820262264,0.07919289932059606,0.21368125951388575,0.19381320642474714,0.07571283054460706,0.1247083775185578,0.1,0.11255710890093786,0.49554612937433723,0.5,0.19489583952102005,0.379745493107105,0.4,0.2105072705482114,score,regression,1.0,adjusted_cosine,learned,0.19616187935300725,0.2958076359610524,0.22073932926829268,0.09072214679226175,0,0.16032316704513505
"RegCF[learned,k=80,lam=1]",val,80,1.1187542909882002,0.8638988965711424,9596,0.16032316704513505,0.04036262503359467,0.01728933397680521,3414484,0.4001189060642093,673,943,880,0.9989395546129375,0.03056818181818182,0.0,0.056918558558771634,0.06140133951594768,0.0,0.16202809309650892,0.25795454545454544,0.0,0.43775765133118666,0.04610106771766972,0.0,0.09843964982220964,0.019476605088584256,0.0,0.05839008371958879,3.5310666191830515,3.4266402502116846,0.47954098794173683,0.738327579289223,0.7603469327923922,0.10407124576964166,0.1848802945779762,0.16656751933372993,0.06905223621850959,0.1812301166489926,0.2,0.13249914098462548,0.5237539766702015,0.5,0.17426798957233458,0.29501590668080596,0.3,0.1980439772983797,affinity,regression,1.0,adjusted_cosine,learned,0.19616187935300725,0.2958076359610524,0.22073932926829268,0.09072214679226175,0,0.16032316704513505
"RegCF[learned,k=80,lam=5]",val,80,1.0094851642068983,0.7826107110205428,9596,0.1698202089755796,0.044237707974389195,0.016792791022453457,3414484,0.2794292508917955,470,943,880,1.0,0.04193181818181818,0.0,0.06963839568576405,0.06995135667174691,0.0,0.14674335548587292,0.32272727272727275,0.0,0.467785252775061,0.0628042803793956,0.0,0.11742633921078763,0.028421983439840582,0.0,0.07638017120452877,2.8581597813469335,2.842798193763584,0.28649456684166064,0.7180264177968486,0.7321737881027319,0.08893619617266021,0.10052309417903169,0.09583581201665674,0.03317383910413233,0.46458112407211033,0.5,0.1765348511089523,0.44294803817603384,0.4,0.15431034317400236,0.09247083775185579,0.1,0.10725558769283605,rating,regression,5.0,adjusted_cosine,learned,0.2887570184244267,0.3918022571298779,0.17865091463414634,0.06003450926030566,0,0.1698202089755796
"RegCF[learned,k=80,lam=5]",val,80,1.0094851642068983,0.7826107110205428,9596,0.1698202089755796,0.040871875011362135,0.017106416984461248,3414484,0.49227110582639716,828,943,880,1.0,0.03,0.0,0.05611624534870812,0.056224131246195526,0.0,0.1414232626214921,0.2556818181818182,0.0,0.43649184627518794,0.04771598138395005,0.0,0.10331015388449569,0.021306759667250735,0.0,0.06495618328842169,3.5562746159931358,3.466426486492253,0.5209244364819664,0.7498848226949877,0.7632304108367682,0.0847781676604216,0.1920226245171693,0.1752528256989887,0.07360299582780724,0.2183457051961824,0.2,0.15133033319640682,0.43563096500530224,0.4,0.16836543883303795,0.34602332979851536,0.3,0.20053693182620497,score,regression,5.0,adjusted_cosine,learned,0.2887570184244267,0.3918022571298779,0.17865091463414634,0.06003450926030566,0,0.1698202089755796
"RegCF[learned,k=80,lam=5]",val,80,1.0094851642068983,0.7826107110205428,9596,0.1698202089755796,0.04133591696154326,0.01711474999319762,3414484,0.3882282996432818,653,943,880,0.9989395546129375,0.04340909090909091,0.0,0.06897405760580087,0.08565441213007886,0.0,0.18042682746629243,0.3397727272727273,0.0,0.47390128547974697,0.06809068042866999,0.0,0.12238452645679146,0.03117544975692297,0.0,0.07934582625592651,3.262640667225971,3.1764984046261397,0.47034280331954387,0.7387801235564472,0.760270957474097,0.10311498294121775,0.15273441615258299,0.1389649018441404,0.0636844719442779,0.3067868504772004,0.3,0.16821961481289338,0.45811240721102864,0.5,0.15252802493819048,0.23510074231177097,0.2,0.18271416026817877,affinity,regression,5.0,adjusted_cosine,learned,0.2887570184244267,0.3918022571298779,0.17865091463414634,0.06003450926030566,0,0.1698202089755796
"RegCF[learned,k=80,lam=25]",val,80,0.9375936823643504,0.7310888827518827,9596,0.1607820420176722,0.04413633397780359,0.016079749970231205,3414484,0.18014268727705113,303,943,880,1.0,0.052159090909090905,0.0,0.08217671327055354,0.0826881947870473,0.0,0.16213544946704272,0.3704545454545455,0.0,0.48320109388863586,0.08045166460892222,0.0,0.13718376290035997,0.03885619302434778,0.0,0.08981714593110915,2.6756676746871833,2.6649338529636166,0.23762725741881086,0.7212750409049643,0.7362879931428413,0.08039976875634626,0.08013459644722407,0.07644259369422962,0.024721979135838977,0.564475079533404,0.6,0.1596835882920299,0.39416755037115586,0.4,0.14178840102649087,0.041357370095440084,0.0,0.0734865887953647,rating,regression,25.0,adjusted_cosine,learned,0.43319696901581894,0.540448028143251,0.12160823170731708,0.03320568226455664,0,0.1607820420176722
"RegCF[learned,k=80,lam=25]",val,80,0.9375936823643504,0.7310888827518827,9596,0.1607820420176722,0.0416340830270201,0.016882500029169023,3414484,0.4667063020214031,785,943,880,1.0,0.044659090909090905,0.0,0.07198547546009433,0.08204468175143544,0.0,0.17165594971151776,0.33636363636363636,0.0,0.4727336371959133,0.07242982611691834,0.0,0.1278664165724464,0.03424742750635608,0.0,0.08132596601395535,3.246520702733999,3.2020240741575408,0.45409883971556225,0.7403562191617225,0.7566544709754385,0.08863496442830833,0.15282204010514874,0.14366448542534205,0.06064696709661096,0.32937433722163306,0.3,0.17556802221226173,0.407847295864263,0.4,0.15503554147206905,0.26277836691410394,0.2,0.18437799457047813,score,regression,25.0,adjusted_cosine,learned,0.43319696901581894,0.540448028143251,0.12160823170731708,0.03320568226455664,0,0.1607820420176722
"RegCF[learned,k=80,lam=25]",val,80,0.9375936823643504,0.7310888827518827,9596,0.1607820420176722,0.04339216701919213,0.017284750007092953,3414484,0.34780023781212843,585,943,880,0.9989395546129375,0.06409090909090909,0.0,0.08402064272652467,0.13150887393405947,0.0,0.2172363736349564,0.45227272727272727,0.0,0.49799992980505664,0.10587581658034335,0.0,0.15520756024248272,0.0526300692941318,0.0,0.10726383711406529,2.9063950812546127,2.839986316768943,0.42510610545677907,0.7337294514317049,0.7520044980142376,0.09624229545763636,0.11074323910867073,0.09803688280785247,0.05277915845852213,0.46320254506892894,0.5,0.19779336918544074,0.3926829268292683,0.4,0.15261177100325327,0.14411452810180275,0.1,0.1518632878841006,affinity,regression,25.0,adjusted_cosine,learned,0.43319696901581894,0.540448028143251,0.12160823170731708,0.03320568226455664,0,0.1607820420176722
"RegCF[learned,k=80,lam=100]",val,80,0.9182105068044945,0.7211634065161756,9596,0.18425720802042633,0.06932100001722574,0.04798450000816956,3414484,0.09334126040428062,157,943,880,1.0,0.05045454545454546,0.0,0.08178760877173641,0.07502661633930442,0.0,0.15406895319688146,0.3443181818181818,0.0,0.47541562070550164,0.07408776682433907,0.0,0.12978301130858852,0.034812371697416335,0.0,0.08015193955130955,2.6384668200130657,2.6235750663047472,0.17617958985985474,0.7307956378571793,0.7471545871530492,0.05878694971727049,0.07573314879102287,0.07400356930398572,0.01663939580696075,0.5925768822905619,0.6,0.131656271631505,0.38674443266171793,0.4,0.11928798588147818,0.020678685047720042,0.0,0.04638486695863347,rating,regression,100.0,adjusted_cosine,learned,0.5710510868709797,0.672138161772047,0.0825609756097561,0.01594840528901712,0,0.18425720802042633
"RegCF[learned,k=80,lam=100]",val,80,0.9182105068044945,0.7211634065161756,9596,0.18425720802042633,0.04221699998015538,0.016629750025458634,3414484,0.4221165279429251,710,943,880,1.0,0.05272727272727273,0.0,0.0817433380575176,0.09660270066430335,0.0,0.18686818208410325,0.3693181818181818,0.0,0.4828946550808757,0.08978486735794633,0.0,0.15009389789870525,0.045885700292322314,0.0,0.1025022025652779,3.003906887582423,2.9486756849887623,0.428299455609796,0.7255141854522213,0.7407273783829584,0.09435899185547647,0.12238605889666997,0.11171921475312314,0.05426841094481366,0.4219512195121951,0.4,0.1990839151243768,0.3892895015906681,0.4,0.15192265312644623,0.18875927889713678,0.2,0.17055189656768413,score,regression,100.0,adjusted_cosine,learned,0.5710510868709797,0.672138161772047,0.0825609756097561,0.01594840528901712,0,0.18425720802042633
"RegCF[learned,k=80,lam=100]",val,80,0.9182105068044945,0.7211634065161756,9596,0.18425720802042633,0.04182583297370002,0.01670908398227766,3414484,0.27645659928656363,465,943,880,0.9989395546129375,0.07840909090909093,0.1,0.0952200775622386,0.1562408678001077,0.0625,0.23120332348279224,0.5193181818181818,1.0,0.4999107894352077,0.1325256649306732,0.0670988121863399,0.1738222605277599,0.06905133731733434,0.01111111111111111,0.12460282433861981,2.607806198842515,2.531299595161868,0.39316448254267744,0.7212428049223947,0.7369881072860371,0.09322895981351531,0.07717840779266494,0.0647233789411065,0.045213804000495045,0.6160127253446448,0.6,0.22085581429607423,0.3112407211028632,0.3,0.1687371866844416,0.07274655355249204,0.0,0.11422027005576801,affinity,regression,100.0,adjusted_cosine,learned,0.5710510868709797,0.672138161772047,0.0825609756097561,0.01594840528901712,0,0.18425720802042633
"RegCF[learned,k=80,lam=300]",val,80,0.9231524464466677,0.7284968203782811,9596,0.15548258397029713,0.04588570800842717,0.01618862501345575,3414484,0.045778834720570746,77,943,880,1.0,0.04329545454545455,0.0,0.07572511198108958,0.06659064994427803,0.0,0.1489938262311234,0.3090909090909091,0.0,0.4623815197100398,0.06159376639546985,0.0,0.11433190880990797,0.02693356592426533,0.0,0.06306255077795136,2.6442517492250266,2.629146009563376,0.14949329145777443,0.73413493352575,0.7537391215033887,0.05014401068262762,0.07641849553016906,0.07543129089827484,0.012980757102907556,0.5922587486744433,0.6,0.12030344182962763,0.39575821845174974,0.4,0.11031239597978772,0.011983032873807,0.0,0.03470518430966954,rating,regression,300.0,adjusted_cosine,learned,0.6450736681564069,0.7376685197128733,0.06822408536585366,0.007343955076435638,0,0.15548258397029713
"RegCF[learned,k=80,lam=300]",val,80,0.9231524464466677,0.7284968203782811,9596,0.15548258397029713,0.04434758296702057,0.01780616701580584,3414484,0.3858501783590963,649,943,880,1.0,0.05886363636363637,0.0,0.08711573276172133,0.11112003563919182,0.0,0.2005087971768772,0.4022727272727273,0.0,0.49063523003162424,0.09984782054099199,0.0,0.15658103808819673,0.05094499219089993,0.0,0.10585468206146481,2.865804083325331,2.7961945849475778,0.4389144229435986,0.7215658971200446,0.7376513582790307,0.09352405390645557,0.1060239101731472,0.09381320642474718,0.05370721184009501,0.4851537645811241,0.5,0.22019136799480177,0.3678685047720042,0.4,0.16165418679671867,0.14697773064687167,0.1,0.16507376763268491,score,regression,300.0,adjusted_cosine,learned,0.6450736681564069,0.7376685197128733,0.06822408536585366,0.007343955076435638,0,0.15548258397029713
"RegCF[learned,k=80,lam=300]",val,80,0.9231524464466677,0.7284968203782811,9596,0.15548258397029713,0.04249141598120332,0.017350417037960142,3414484,0.23662306777645659,398,943,880,0.9989395546129375,0.08147727272727275,0.1,0.10021637311164529,0.16163329069500795,0.06666666666666667,0.23336786941017396,0.5193181818181818,1.0,0.4999107894352077,0.14235606128723796,0.07336392209936006,0.18854944364800488,0.07717314192090977,0.014087301587301586,0.1427567511738359,2.454295807176392,2.3715860906834223,0.3654953628965112,0.7115140838857781,0.725922605850345,0.089994411214214,0.06129374337221634,0.05020820939916717,0.040918083633707254,0.7089077412513256,0.8,0.21440970903021467,0.2454931071049841,0.2,0.16612974780364834,0.04559915164369035,0.0,0.09664892845153236,affinity,regression,300.0,adjusted_cosine,learned,0.6450736681564069,0.7376685197128733,0.06822408536585366,0.007343955076435638,0,0.15548258397029713
"RegCF[learned,k=80,lam=1000]",val,80,0.9329218645236453,0.7383450292415509,9596,0.1592286250088364,0.04690779198426753,0.016145290981512517,3414484,0.022592152199762187,38,943,880,1.0,0.04113636363636364,0.0,0.07413408843127042,0.060665770700579394,0.0,0.13759016459347434,0.29659090909090907,0.0,0.45701431598360476,0.05343521750863569,0.0,0.10236536795094396,0.021807465599876317,0.0,0.053289352475647596,2.6469760966033657,2.630868688476482,0.13858558991374698,0.7350505431066268,0.7537391215033887,0.043561755071459186,0.07682639796162334,0.07566924449732301,0.011085573788998312,0.5873806998939555,0.6,0.12085958201789111,0.4047720042417815,0.4,0.11252990157426696,0.007847295864262992,0.0,0.028064416548817375,rating,regression,1000.0,adjusted_cosine,learned,0.679465077510506,0.7668998167461909,0.06321646341463415,0.002637095577370799,0,0.1592286250088364
"RegCF[learned,k=80,lam=1000]",val,80,0.9329218645236453,0.7383450292415509,9596,0.1592286250088364,0.04203149996465072,0.017035749973729253,3414484,0.37098692033293695,624,943,880,1.0,0.060454545454545455,0.0,0.08810879988061883,0.11119931906692743,0.0,0.19774435031029022,0.4113636363636364,0.0,0.49236071254585473,0.10199362076645878,0.0,0.1587163699459048,0.05249037676939463,0.0,0.10778515522800508,2.789836066152911,2.744149126610348,0.4383874946223434,0.7195604355698484,0.7328375848305777,0.0896277715329902,0.09730889115010696,0.0867935752528257,0.05243589056914803,0.5264050901378579,0.5,0.23009393737455544,0.3489925768822906,0.4,0.16978987559824305,0.12460233297985156,0.1,0.15574363044255182,score,regression,1000.0,adjusted_cosine,learned,0.679465077510506,0.7668998167461909,0.06321646341463415,0.002637095577370799,0,0.1592286250088364
"RegCF[learned,k=80,lam=1000]",val,80,0.9329218645236453,0.7383450292415509,9596,0.1592286250088364,0.03968679200625047,0.016395957965869457,3414484,0.2170035671819263,365,943,880,0.9989395546129375,0.08215909090909092,0.1,0.10247171549744014,0.16111649072433093,0.0625,0.2350193219188784,0.5113636363636364,1.0,0.5001551109080279,0.14345210844255094,0.06943122193677728,0.19213795125934374,0.07869353505291005,0.0125,0.1458412075217243,2.37589321739825,2.2941911235444663,0.3547012348018293,0.7006395982010901,0.7133423013111787,0.08836130192360006,0.0536189197083239,0.04283164782867341,0.038841944565593194,0.7595970307529163,0.8,0.20890638013225932,0.20583244962884414,0.2,0.16445858391973545,0.03457051961823966,0.0,0.08750493501670338,affinity,regression,1000.0,adjusted_cosine,learned,0.679465077510506,0.7668998167461909,0.06321646341463415,0.002637095577370799,0,0.1592286250088364
"RegCF[learned,k=80,lam=3000]",val,80,0.9382990365703419,0.7432757036742199,9596,0.21522120799636468,0.050991541997063905,0.015350166999269277,3414484,0.020808561236623068,35,943,880,1.0,0.03954545454545454,0.0,0.0734631557085904,0.05810684644935248,0.0,0.13450683097689103,0.2863636363636364,0.0,0.4523184663880981,0.04956744106234849,0.0,0.09768572134637919,0.019836931173984745,0.0,0.05499565187369771,2.642553152150128,2.629146009563376,0.13397538290216776,0.7344366079627441,0.7537391215033887,0.04348916261982838,0.07649709844226185,0.07566924449732301,0.010415958762352994,0.5883351007423118,0.6,0.11806870372150739,0.40668080593849415,0.4,0.1112938332864295,0.004984093319194062,0.0,0.02318976367905074,rating,regression,3000.0,adjusted_cosine,learned,0.6885441896944702,0.7747886795453857,0.06222560975609756,0.0009392799843283484,0,0.21522120799636468
"RegCF[learned,k=80,lam=3000]",val,80,0.9382990365703419,0.7432757036742199,9596,0.21522120799636468,0.041956208006013185,0.016383083013352007,3414484,0.35850178359096313,603,943,880,1.0,0.06227272727272728,0.0,0.09030005943688804,0.1122737924885367,0.0,0.19831904870585623,0.4159090909090909,0.0,0.49315827928458367,0.10287276648171231,0.0,0.1583627910964145,0.052654438374676475,0.0,0.10698964354900281,2.754873458994438,2.702946425815829,0.43285947009038894,0.7192174869321531,0.7304517845838084,0.08772160817984825,0.09343659375605215,0.0826888756692445,0.051273854716997226,0.543372216330859,0.5,0.23070112914647026,0.3415694591728526,0.3,0.17045735032759682,0.11505832449628844,0.1,0.15109709126765608,score,regression,3000.0,adjusted_cosine,learned,0.6885441896944702,0.7747886795453857,0.06222560975609756,0.0009392799843283484,0,0.21522120799636468
"RegCF[learned,k=80,lam=3000]",val,80,0.9382990365703419,0.7432757036742199,9596,0.21522120799636468,0.04400120896752924,0.01627262501278892,3414484,0.21105826397146255,355,943,880,0.9989395546129375,0.08204545454545453,0.1,0.10317109827709571,0.15984633327235534,0.051587301587301584,0.23446812938444592,0.5045454545454545,1.0,0.5002636599280591,0.14318269894791583,0.06625422345438904,0.19337360965809336,0.07872614842443712,0.01111111111111111,0.14686983320464103,2.3526943437824785,2.279083528296937,0.34937941765667047,0.6953045896684991,0.7093562061885841,0.08836649803616643,0.051417028822539734,0.040511600237953596,0.037970460983985384,0.7749734888653235,0.8,0.20412251830978131,0.19247083775185578,0.2,0.16026962071734394,0.03255567338282078,0.0,0.08490372233910276,affinity,regression,3000.0,adjusted_cosine,learned,0.6885441896944702,0.7747886795453857,0.06222560975609756,0.0009392799843283484,0,0.21522120799636468
"RegCF[similarity,k=80,lam=0]",val,80,0.9266610914599959,0.7322787657440002,9596,0.5342108749900945,0.048725708038546145,0.027655832993332297,3337072,0.058858501783590964,99,943,880,1.0,0.037840909090909085,0.0,0.06953361393419305,0.05895194325215381,0.0,0.14205528724385713,0.2818181818181818,0.0,0.45014103580434284,0.04675669519413209,0.0,0.09108057360500904,0.017842628381318858,0.0,0.04408471058154403,3.0015572479435333,2.7822192322255934,0.5302809841369303,0.7398364589803342,0.7537391215033887,0.04848996714017416,0.12619729078598496,0.08845925044616298,0.07139946085994046,0.5468716861081654,0.6,0.13460751893935807,0.3750795334040296,0.4,0.10818110667681428,0.07804878048780488,0.0,0.10259690544296644,rating,regression,0.0,adjusted_cosine,similarity,1.0,1.0,0.0,0.010337395957193816,0,0.5342108749900945
"RegCF[similarity,k=80,lam=0]",val,80,0.9266610914599959,0.7322787657440002,9596,0.5342108749900945,0.042154541006311774,0.017342082981485873,3337072,0.4286563614744352,721,943,880,1.0,0.0038636363636363642,0.0,0.020429507434592348,0.009827280723662301,0.0,0.06349510948270418,0.03636363636363636,0.0,0.1872997258396748,0.0050879455179264335,0.0,0.02887271237675143,0.001584849343777915,0.0,0.01004238205182078,7.242622537423883,7.4257761800237905,0.5213168038289925,0.7084628324954868,0.7246360899202376,0.11482794228991218,0.7256910400881159,0.7522308149910766,0.07430289325363816,0.00911983032873807,0.0,0.04348865019189009,0.016436903499469777,0.0,0.04783228834856774,0.9744432661717922,1.0,0.07104081177106225,score,regression,0.0,adjusted_cosine,similarity,1.0,1.0,0.0,0.010337395957193816,0,0.5342108749900945
"RegCF[similarity,k=80,lam=0]",val,80,0.9266610914599959,0.7322787657440002,9596,0.5342108749900945,0.040400333993602544,0.015882875013630837,3337072,0.33055885850178357,556,943,880,0.9978791092258749,0.009204545454545455,0.0,0.03227165660519209,0.020635308387472052,0.0,0.09734937005563081,0.08181818181818182,0.0,0.27424338133493625,0.011136087447889137,0.0,0.04619385274928145,0.0037005120650953987,0.0,0.02289300526728754,7.155592362903755,7.452347034037002,0.7511147260998023,0.7145759243156906,0.7317540486252117,0.11482879403750731,0.713380158631527,0.756454491374182,0.10544428905123111,0.03425238600212089,0.0,0.0951233858032759,0.024072110286320253,0.0,0.06115973218790024,0.9416755037115588,1.0,0.12514175700467164,affinity,regression,0.0,adjusted_cosine,similarity,1.0,1.0,0.0,0.010337395957193816,0,0.5342108749900945
