model,split,k,rmse,mae,n_test_ratings,train_time_s,predict_time_s,rank_time_s,model_bytes,catalog_coverage,n_covered_items,n_users_scored,n_users_with_relevant,user_coverage,precision_mean,precision_median,precision_std,recall_mean,recall_median,recall_std,hit_rate_mean,hit_rate_median,hit_rate_std,ndcg_mean,ndcg_median,ndcg_std,map_mean,map_median,map_std,novelty_mean,novelty_median,novelty_std,ild_mean,ild_median,ild_std,pop_rank_mean,pop_rank_median,pop_rank_std,head_frac_mean,head_frac_median,head_frac_std,medium_frac_mean,medium_frac_median,medium_frac_std,tail_frac_mean,tail_frac_median,tail_frac_std,tag,l1,l2,threshold,top_m_features,nnz,sparsity_pct,density_pct,mean_nnz_per_column,empty_columns,iterations,converged,kkt_relative_violation,objective,fit_time_s,implicit_nnz,l1_ratio
"SLIM[l1=0.1,l2=50]",val,10,1.0373597274010071,0.8339971187797065,9596,14.638016415992752,0.04211699997540563,0.0266887919860892,2785272,0.20868014268727705,351,943,880,0.9989395546129375,0.1134090909090909,0.1,0.1189725292489664,0.2368832471334337,0.16228070175438597,0.2805132064056755,0.6386363636363637,1.0,0.4806688121576785,0.20709687420694528,0.16958010263680806,0.2194002922575314,0.11963671168172656,0.05634920634920636,0.1720195548894376,2.2832458084306277,2.2310732852993596,0.32203484514866004,0.7069140835359607,0.71851397613548,0.08097511147811072,0.046740281721416393,0.039262343842950624,0.03311744182873862,0.7612937433722164,0.8,0.20455851075883003,0.2215270413573701,0.2,0.1872615286347677,0.017179215270413578,0.0,0.05902333836708163,l1_sweep,0.1,50.0,4.0,-1,231545,91.81079576521817,8.189204234781828,137.66052318668252,293,175,True,9.804787312098486e-05,12786.26851654609,14.638016415992752,39239,0.0019960079840319364
"SLIM[l1=0.25,l2=50]",val,10,1.0368272647482029,0.8334095930424644,9596,20.827879416989163,0.06148508400656283,0.02689770801225677,2547480,0.21046373365041618,354,943,880,0.9989395546129375,0.11306818181818182,0.1,0.11848357321036113,0.2368638226395774,0.16666666666666666,0.2815608016732185,0.6375,1.0,0.4809954836483419,0.20682715633090926,0.16958010263680806,0.2194093344112555,0.11939889470097803,0.05555555555555555,0.1717701620368012,2.284365223155986,2.2359302029549615,0.32233058901383477,0.7075129435871801,0.7201979950014802,0.08019453231181128,0.04690354362871669,0.039559785841760856,0.03320887067171164,0.7608695652173914,0.8,0.2043218989308769,0.22173913043478263,0.2,0.18683970168397748,0.01739130434782609,0.0,0.058961128372111246,l1_sweep,0.25,50.0,4.0,-1,211729,92.5116412644362,7.488358735563806,125.87931034482759,293,175,True,9.595285550303104e-05,13072.83113050662,20.827879416989163,39239,0.004975124378109453
"SLIM[l1=0.5,l2=50]",val,10,1.0362410855040125,0.8326939641379217,9596,26.421721167047508,0.05184400000143796,0.03367812494980171,2063388,0.20630202140309156,347,943,880,0.9989395546129375,0.11363636363636363,0.1,0.11904227046478187,0.2394003553678227,0.16666666666666666,0.2830203754290281,0.6397727272727273,1.0,0.4803392270981564,0.20809537428823,0.17545297906601978,0.21942411486368027,0.1202923443261985,0.05833333333333333,0.17231377517495755,2.282741867945627,2.2372505066449393,0.31701744874451065,0.7067266069828245,0.7193705643185503,0.08112677661333666,0.04663928391863904,0.03950029744199881,0.032674300098868646,0.7617179215270414,0.8,0.20244790938919952,0.2215270413573701,0.2,0.18618131774973845,0.01675503711558855,0.0,0.056950740565224395,l1_sweep,0.5,50.0,4.0,-1,171388,93.93840793197526,6.061592068024738,101.89536266349585,293,175,True,9.667485354940896e-05,13463.930093141284,26.421721167047508,39239,0.009900990099009901
"SLIM[l1=1,l2=50]",val,10,1.0357499059110726,0.8321019107406266,9596,56.963420999993104,0.05502179102040827,0.0341161250253208,1034664,0.20214030915576695,340,943,880,0.9989395546129375,0.11352272727272728,0.1,0.11891182546749501,0.23811673684795098,0.16228070175438597,0.2823452254119388,0.6409090909090909,1.0,0.48000672246818044,0.20707414550814024,0.1733071451682328,0.21942060011637168,0.11967911595404154,0.05634920634920636,0.1725695626294211,2.27858984125529,2.226710413687262,0.31673511790293435,0.7055653105869358,0.7193754417953422,0.08125093669144681,0.04610250046840018,0.03848899464604402,0.03265938244704299,0.7647932131495229,0.8,0.20172066272769265,0.21919406150583245,0.2,0.18506493806844254,0.016012725344644752,0.0,0.05669795421345786,l1_sweep,1.0,50.0,4.0,-1,85661,96.97037109868212,3.0296289013178694,50.928061831153386,491,200,True,6.157853744814382e-05,14019.571987657002,56.963420999993104,39239,0.0196078431372549
"SLIM[l1=2,l2=50]",val,10,1.0360646343608575,0.8323599795539386,9596,29.369887667009607,0.048618791974149644,0.02919391600880772,581724,0.19143876337693222,322,943,880,0.9989395546129375,0.11386363636363639,0.1,0.11795982635181636,0.2369818162832524,0.16228070175438597,0.2793844350851944,0.6431818181818182,1.0,0.479332930140476,0.206864466554437,0.16813991137001416,0.21927385356905765,0.11949928941483999,0.05555555555555555,0.1730111022932256,2.2650545253314758,2.2197723891164407,0.308090082687929,0.7077375953260442,0.718790935310385,0.07971328564624376,0.044675472800301284,0.03819155264723379,0.03129882760248999,0.7729586426299047,0.8,0.19994809673397715,0.21410392364793213,0.2,0.18689102895627135,0.01293743372216331,0.0,0.05133218188029748,l1_sweep,2.0,50.0,4.0,-1,47916,98.30532332758727,1.694676672412732,28.487514863258028,618,200,True,7.340052936566856e-05,14751.811451708714,29.369887667009607,39239,0.038461538461538464
"SLIM[l1=5,l2=50]",val,10,1.0409539969147057,0.8384622417625475,9596,45.9702615000424,0.14284495904576033,0.0464493750478141,245340,0.17300832342449465,291,943,880,0.9989395546129375,0.11159090909090909,0.1,0.11645978436121879,0.22967830628693545,0.15384615384615385,0.2734493916213901,0.6420454545454546,1.0,0.4796712921962755,0.20306955776996596,0.15157976608702273,0.22072969363740944,0.11779350602825306,0.05,0.17613676140853488,2.219581891780677,2.172717794048117,0.29846172617170297,0.7084404642319001,0.7179108748640587,0.0777062529821106,0.04066697662036497,0.034205829863176676,0.030315769660082932,0.8026511134676565,0.9,0.19055002579785033,0.18822905620360553,0.1,0.17975963700284,0.009119830328738072,0.0,0.04745731638117368,l1_sweep,5.0,50.0,4.0,-1,19884,99.29674950007816,0.7032504999218375,11.821640903686088,890,200,True,8.932468827125112e-05,15994.085343847959,45.9702615000424,39239,0.09090909090909091
"SLIM[l1=10,l2=50]",val,10,1.051220663050973,0.8518408573583325,9596,120.56019770901185,0.07084620901150629,0.07507237500976771,117072,0.1516052318668252,255,943,880,0.9978791092258749,0.10681818181818184,0.1,0.11277395368269852,0.21962414467828098,0.14285714285714285,0.2677845080979563,0.6261363636363636,1.0,0.4841032238344639,0.1946355529148509,0.1480409554829326,0.21573685147595814,0.11148115938294509,0.05,0.16870067656062926,2.1601934926301274,2.110666114789515,0.3381290937616858,0.7082408512501767,0.7172723018177241,0.07172824095900204,0.036366779103737555,0.028554431885782272,0.03780690387769827,0.8413573700954402,0.9,0.18013636780101133,0.1523860021208908,0.1,0.17002601117112734,0.006256627783669142,0.0,0.05748706026355494,l1_sweep,10.0,50.0,4.0,-1,9195,99.67479439012365,0.3252056098763476,5.466706302021403,1105,200,True,7.180848352583579e-05,17108.718662689666,120.56019770901185,39239,0.16666666666666666
"SLIM[l1=20,l2=50]",val,10,1.0669004572444878,0.8727145207154491,9596,44.196801832993515,0.07420687499688938,0.04805429099360481,48696,0.12187871581450654,205,943,880,0.9936373276776246,0.10022727272727273,0.1,0.10919060239442126,0.20239876889410216,0.13333333333333333,0.2541109782749543,0.6022727272727273,1.0,0.4897068549713981,0.18215216516415667,0.13342852547239478,0.2114088027818563,0.10358356041280146,0.0365079365079365,0.16643270064657104,2.1053145671631066,2.025189986244521,0.5199659703197146,0.7088592833672426,0.7182940697179483,0.06837209608412426,0.03458338879485839,0.02314098750743605,0.0649711781022398,0.8899257688229056,1.0,0.1657329304946279,0.09724284199363734,0.0,0.13650486793301253,0.012831389183457052,0.0,0.10060718102375113,l1_sweep,20.0,50.0,4.0,-1,3497,99.8763193020405,0.12368069795949838,2.0790725326991675,1307,175,True,7.021995008937547e-05,18253.042448788216,44.196801832993515,39239,0.2857142857142857
"SLIM[l1=50,l2=50]",val,10,1.096560294250424,0.9110628494286392,9596,41.96762020897586,0.10871991701424122,0.034079625038430095,12492,0.07312722948870393,123,943,880,0.9692470837751855,0.0805681818181818,0.0,0.10094950758678661,0.14209534682328592,0.0,0.21062102266656726,0.49772727272727274,0.0,0.5002791650082571,0.13726920264973264,0.0,0.1871807394584588,0.07495605251780846,0.0,0.13982383456855987,2.570789484878185,1.9262619897171038,1.4611524562917448,0.7197866481132364,0.7246731641271615,0.0652280212438117,0.10614162528868908,0.016954193932183222,0.18884513069352687,0.8501590668080594,1.0,0.298078553283846,0.007423117709437964,0.0,0.026228583944759132,0.14241781548250265,0.0,0.29367588938315875,l1_sweep,50.0,50.0,4.0,-1,480,99.98302352444365,0.016976475556350935,0.2853745541022592,1569,125,True,8.056397756954316e-05,19343.92618464309,41.96762020897586,39239,0.5
"SLIM[l1=2,l2=0]",val,10,1.0431105414772208,0.839782834719481,9596,171.62929020798765,0.412824583996553,0.054179875005502254,347436,0.26456599286563615,445,943,880,0.9989395546129375,0.10375000000000001,0.1,0.11446877353132444,0.212442040569725,0.12771739130434784,0.2685895996723692,0.6102272727272727,1.0,0.4879759623892212,0.18768258349368103,0.13886244387355456,0.21569038994136294,0.10821973633729585,0.04,0.17357587394656876,2.4290458758304756,2.3972208235780608,0.33722319141448986,0.7154624902175045,0.7301488221402292,0.08252075727655246,0.0609027475061239,0.05377751338488995,0.03664759857836786,0.6840933191940616,0.7,0.1997381507421684,0.27497348886532347,0.3,0.17415057525972344,0.04093319194061505,0.0,0.08164952021844715,l2_sweep,2.0,0.0,4.0,-1,28392,98.99584147084184,1.0041585291581578,16.879904875148632,618,500,True,9.514679460725223e-05,14067.820159474697,171.62929020798765,39239,1.0
"SLIM[l1=2,l2=1]",val,10,1.0425845880585705,0.8391980370595349,9596,163.88006820803275,0.49143654096405953,0.5491602909751236,354960,0.2609988109393579,439,943,880,0.9989395546129375,0.1053409090909091,0.1,0.11549417848639196,0.21471032886629887,0.14285714285714285,0.26819268221713843,0.615909090909091,1.0,0.4866561542110426,0.1895497593880876,0.13886244387355456,0.2159035285690529,0.10935453385899814,0.041666666666666664,0.17410282737798652,2.4189191296778443,2.386727354410154,0.3352487754621193,0.7151461023733409,0.7304158218076025,0.08316917866690463,0.0598161221764301,0.052944675788221304,0.036234318388728405,0.689289501590668,0.7,0.19963295397346528,0.27179215270413576,0.2,0.17512407267441654,0.038918345705196186,0.0,0.07941998278267853,l2_sweep,2.0,1.0,4.0,-1,29019,98.97366594964636,1.0263340503536411,17.252675386444707,618,450,True,9.888094344144721e-05,14097.144447944818,163.88006820803275,39239,0.6666666666666666
"SLIM[l1=2,l2=10]",val,10,1.0396638452082332,0.8361522124589166,9596,82.13948058401002,0.08555591700132936,0.05383537500165403,412068,0.23067776456599287,388,943,880,0.9989395546129375,0.10931818181818183,0.1,0.11831001344874498,0.22649861325133247,0.14285714285714285,0.2773729175295033,0.625,1.0,0.48439822277260264,0.19810390197173527,0.15130120674940675,0.21868742974090147,0.11485303789024028,0.05,0.17566942167096367,2.3638098613185234,2.30896751638602,0.3255916910182784,0.7122330401601894,0.7281022753096671,0.0832897889465591,0.05405148806163074,0.047055324211778694,0.03434692866902066,0.7171792152704135,0.8,0.20106324783816332,0.25535524920466596,0.2,0.18132110141099528,0.027465535524920464,0.0,0.0703241103664818,l2_sweep,2.0,10.0,4.0,-1,33778,98.80535126803662,1.194648731963379,20.0820451843044,618,325,True,8.392833220019537e-05,14292.58775170238,82.13948058401002,39239,0.16666666666666666
"SLIM[l1=2,l2=200]",val,10,1.0369556383792804,0.8338230473122964,9596,14.28685170901008,0.05992116703419015,0.041719375003594905,949344,0.15755053507728894,265,943,880,0.9989395546129375,0.11568181818181819,0.1,0.11917230147663846,0.2395063629970109,0.16666666666666666,0.2791549254120536,0.6522727272727272,1.0,0.47651972867351367,0.2064754769996783,0.16421958630632805,0.22040842173753553,0.11868433717131634,0.05285714285714285,0.17366889794808227,2.144753746483441,2.0916870768508744,0.297567203763936,0.7041207088357311,0.7141294278112189,0.07665573693802216,0.034884300424619735,0.027840571088637717,0.029203732923489892,0.8399787910922588,0.9,0.19010221738025426,0.15546129374337225,0.1,0.18283383316297766,0.004559915164369036,0.0,0.03869407977661764,l2_sweep,2.0,200.0,4.0,-1,78551,97.22183514286058,2.7781648571394215,46.700951248513675,618,100,True,9.286441168779839e-05,15464.770571400613,14.28685170901008,39239,0.009900990099009901
"SLIM[l1=2,l2=1000]",val,10,1.0462990040803728,0.8458034576727622,9596,28.63049474998843,0.2624648750061169,0.12067208299413323,1780836,0.10939357907253269,184,943,880,0.9989395546129375,0.10840909090909091,0.1,0.11185565177590462,0.22623827542165517,0.14285714285714285,0.2671657563300173,0.6477272727272727,1.0,0.4779500387366756,0.19439728928896624,0.14829723057014912,0.21040532569585535,0.10964599223527795,0.047619047619047616,0.16414617762979683,1.9921522281643629,1.9636437000805178,0.2576105675923046,0.7019698496136274,0.7125397386724731,0.06862807236820248,0.02451780015304227,0.01915526472337894,0.025507049781378976,0.9120890774125133,1.0,0.1468790124084806,0.0863202545068929,0.0,0.1424442800256896,0.0015906680805938495,0.0,0.033665237160572785,l2_sweep,2.0,1000.0,4.0,-1,147842,94.7711747933291,5.228825206670906,87.89655172413794,618,50,True,1.7034713009744735e-05,16616.291045739305,28.63049474998843,39239,0.001996007984031936
"SLIM[l1=1,l2=49]",val,10,1.035793661989714,0.8321506261095055,9596,61.60995616600849,0.07241804199293256,0.04343299998436123,1028568,0.20332936979785968,342,943,880,0.9989395546129375,0.11340909090909092,0.1,0.1189725292489664,0.23789881241127653,0.15384615384615385,0.28250216066443423,0.6397727272727273,1.0,0.4803392270981564,0.20694448853004205,0.1733071451682328,0.21970388473766705,0.11972134629314687,0.05634920634920636,0.1729650021673158,2.2810900231605893,2.228254765483365,0.31749265023510537,0.7061285114662758,0.7193754417953422,0.08092894043345472,0.04636694943107515,0.038786436644854254,0.0327418965109584,0.7633085896076353,0.8,0.2022445105278926,0.22025450689289502,0.2,0.18529582395770058,0.01643690349946978,0.0,0.05713644409573185,elasticnet_mix,1.0,49.0,4.0,-1,85153,96.98833786864594,3.011662131354065,50.626040428061835,491,200,True,6.281854586040178e-05,14008.513949976477,61.60995616600849,39239,0.02
"SLIM[l1=2.5,l2=47.5]",val,10,1.0366567469048258,0.8330392794792343,9596,66.35167287499644,0.08915550005622208,0.04142458300339058,476268,0.1896551724137931,319,943,880,0.9989395546129375,0.1144318181818182,0.1,0.11842114501698647,0.23726563500307588,0.16666666666666666,0.2797951533688498,0.6431818181818182,1.0,0.479332930140476,0.2079396144278839,0.16764399561865986,0.2213949144231822,0.12056623652196567,0.05555555555555555,0.17520940245091426,2.262036864983131,2.218771341418735,0.309431646310355,0.70782609379553,0.7192145269711445,0.08034538698467164,0.044435689759478876,0.038191552647233784,0.031604684037851126,0.7748674443266172,0.8,0.2002502638831907,0.2125132555673383,0.2,0.18725966503479646,0.01261930010604454,0.0,0.05233233594129218,elasticnet_mix,2.5,47.5,4.0,-1,39128,98.61613430089812,1.3838656991018736,23.2627824019025,618,200,True,7.472653136371831e-05,15007.48936039008,66.35167287499644,39239,0.05
"SLIM[l1=10,l2=40]",val,10,1.0512844624593416,0.8518319957749155,9596,63.831778458028566,0.06210699997609481,0.05684574996121228,112044,0.15636147443519618,263,943,880,0.9978791092258749,0.1065909090909091,0.1,0.11218064380983467,0.21985618592941664,0.14285714285714285,0.2676843235281327,0.6284090909090909,1.0,0.4835046646950577,0.1948430500136713,0.14694892037907953,0.21615354637150175,0.11186471897260587,0.05,0.17065546163234024,2.1746698570617555,2.1229715396598605,0.3445783150091693,0.7094353042465035,0.7166832591799562,0.07151767748035731,0.03761729718272275,0.029863176680547294,0.038707499573365826,0.8340402969247084,0.9,0.1824500236045135,0.15832449628844117,0.1,0.17120824751491745,0.007635206786850477,0.0,0.05994536180955475,elasticnet_mix,10.0,40.0,4.0,-1,8776,99.68961343857805,0.3103865614219496,5.2175980975029725,1105,225,True,7.962528184035215e-05,17076.09623640052,63.831778458028566,39239,0.2
"SLIM[l1=25,l2=25]",val,10,1.0732611457637804,0.8808446743131948,9596,37.02623312501237,0.1189999160123989,0.05492270801914856,32928,0.10879904875148633,183,943,880,0.9915164369034994,0.09579545454545454,0.1,0.1073755764946199,0.19120346388587575,0.1111111111111111,0.24705182357258026,0.5852272727272727,1.0,0.4929629423283758,0.17296572391515272,0.11144551224898769,0.20459963515035265,0.09707837444742207,0.03333333333333333,0.15716668489627386,2.1321947680758764,2.01111878034394,0.6536786228449266,0.709481626008309,0.7191577751983277,0.07014215863125933,0.03933217805136694,0.022546103509815583,0.08334875099484698,0.8966065747613998,1.0,0.17372263883371916,0.08038176033934252,0.0,0.12150446929072109,0.023011664899257687,0.0,0.129225386440623,elasticnet_mix,25.0,25.0,4.0,-1,2183,99.92279240387602,0.07720759612398768,1.297859690844233,1402,175,True,9.210043456493787e-05,18552.04231124998,37.02623312501237,39239,0.5
"SLIM[l1=40,l2=10]",val,10,1.0888511086693764,0.9011185150040164,9596,41.84438050002791,0.07860716700088233,0.024408083991147578,15996,0.07847800237812129,132,943,880,0.9724284199363733,0.08409090909090909,0.1,0.0994711426603378,0.15707221328992374,0.07846153846153847,0.2235019655141434,0.5306818181818181,1.0,0.49934153560449296,0.14736755786959424,0.0840195741275396,0.18979152057881635,0.08059705634147599,0.016666666666666666,0.14120848868447064,2.3508876913753425,1.9464138508619722,1.1858987271617951,0.7106450851620032,0.7158407333808743,0.06674335557876392,0.07370776749435237,0.01814396192742415,0.15279629076425216,0.8886532343584306,1.0,0.24892249667302319,0.02301166489925769,0.0,0.05501058450253091,0.08833510074231177,0.0,0.24064599478688536,elasticnet_mix,40.0,10.0,4.0,-1,772,99.9726961684802,0.027303831519797754,0.4589774078478002,1514,175,True,8.956641023675443e-05,19128.858227744906,41.84438050002791,39239,0.8
"SLIM[l1=49,l2=1]",val,10,1.0959846021348245,0.9102207609512732,9596,27.09468174999347,0.06748254201374948,0.022186708985827863,12096,0.07491082045184304,126,943,880,0.9692470837751855,0.07920454545454546,0.0,0.09976903465056684,0.13995395685152373,0.0,0.20864199434969607,0.49318181818181817,0.0,0.5002378170597593,0.13600519771932645,0.0,0.186007877185234,0.07425866731372682,0.0,0.13797918817982327,2.63212882235796,1.9479900436720405,1.4947592592433723,0.7222777064883159,0.7237955885203259,0.06859941933024133,0.11248190272037994,0.017906008328375966,0.19346461543884175,0.8393425238600212,1.0,0.3041998874301556,0.01039236479321315,0.0,0.03087807034556945,0.15026511134676562,0.0,0.30013697107082693,elasticnet_mix,49.0,1.0,4.0,-1,447,99.98419065713816,0.01580934286185181,0.2657550535077289,1561,147,False,0.0001171842862957079,19306.17377157029,27.09468174999347,39239,0.98
"SLIM[l1=0.5,l2=50]",val,10,1.1124838697234796,0.9229295419109834,9596,84.26454912504414,0.2606239590095356,0.05320612498326227,2878272,0.2348394768133175,395,943,880,1.0,0.1069318181818182,0.1,0.11501454579369833,0.22594208631166252,0.14285714285714285,0.2752375645968864,0.6170454545454546,1.0,0.4863837889932908,0.18694799472619722,0.13886244387355456,0.20651509037620208,0.10390556267751207,0.042222222222222223,0.15417817235311781,2.227155504571232,2.1772741142581418,0.2867522645198308,0.7248644570020217,0.7385739975558558,0.07345372084856867,0.04253982032358409,0.03616894705532421,0.026900126151421632,0.7955461293743372,0.8,0.18350588408556742,0.18875927889713678,0.2,0.16238943112824375,0.015694591728525983,0.0,0.05798931048008088,threshold,0.5,50.0,1.0,-1,239295,91.53669642029793,8.463303579702076,142.26813317479193,42,300,True,8.480807335630462e-05,21616.61398332617,84.26454912504414,70771,0.009900990099009901
"SLIM[l1=0.5,l2=50]",val,10,1.099684534680507,0.9073481904109445,9596,83.77569804200903,0.08267062500817701,0.05318833299679682,2631108,0.2294887039239001,386,943,880,1.0,0.1125,0.1,0.11733919599584397,0.237705829035486,0.15384615384615385,0.28196477481920484,0.6363636363636364,1.0,0.4813192475024668,0.19709609903750208,0.1545275071493362,0.2111732581189966,0.11068916077584232,0.05,0.1606471331467509,2.228661826729278,2.191420688086823,0.28694330428093734,0.7220506778233027,0.7334313837105173,0.07262805890245186,0.042222254465257326,0.03676383105294467,0.026292297719148858,0.7939554612937434,0.8,0.18389379530180877,0.1923647932131495,0.2,0.1646105437566325,0.013679745493107104,0.0,0.05484519115397879,threshold,0.5,50.0,2.0,-1,218698,92.26516405995243,7.734835940047576,130.02259215219976,112,300,True,8.953711802946647e-05,20484.666353597706,83.77569804200903,66408,0.009900990099009901
"SLIM[l1=0.5,l2=50]",val,10,1.0778020168662972,0.8814133066304319,9596,58.21205412497511,0.07624862500233576,0.07924858300248161,2503200,0.21997621878715815,370,943,880,1.0,0.11477272727272728,0.1,0.11580432746130487,0.24373755087228194,0.15384615384615385,0.28259218519742885,0.6511363636363636,1.0,0.4768817747802827,0.20581919269552726,0.16813991137001416,0.21745235102508972,0.1173846903344671,0.05333333333333333,0.1707203864627603,2.2434319000587792,2.192783547248374,0.28138758670461383,0.7167563652808415,0.7279353776773825,0.07884920272465543,0.04344709727520418,0.036882807852468766,0.02591993886911469,0.7837751855779428,0.8,0.1860351778806054,0.20159066808059384,0.2,0.16869555108955547,0.014634146341463415,0.0,0.052516793194147156,threshold,0.5,50.0,3.0,-1,208039,92.64214792027565,7.357852079724359,123.68549346016647,155,275,True,6.099614302983547e-05,18488.225213631922,58.21205412497511,58412,0.009900990099009901
"SLIM[l1=0.5,l2=50]",val,10,1.0362410855040125,0.8326939641379217,9596,57.8970381669933,0.045748416043352336,0.055355707998387516,2063388,0.20630202140309156,347,943,880,0.9989395546129375,0.11363636363636363,0.1,0.11904227046478187,0.2394003553678227,0.16666666666666666,0.2830203754290281,0.6397727272727273,1.0,0.4803392270981564,0.20809537428823,0.17545297906601978,0.21942411486368027,0.1202923443261985,0.05833333333333333,0.17231377517495755,2.282741867945627,2.2372505066449393,0.31701744874451065,0.7067266069828245,0.7193705643185503,0.08112677661333666,0.04663928391863904,0.03950029744199881,0.032674300098868646,0.7617179215270414,0.8,0.20244790938919952,0.2215270413573701,0.2,0.18618131774973845,0.01675503711558855,0.0,0.056950740565224395,threshold,0.5,50.0,4.0,-1,171388,93.93840793197526,6.061592068024738,101.89536266349585,293,175,True,9.667485354940896e-05,13463.930093141284,57.8970381669933,39239,0.009900990099009901
"SLIM[l1=0.5,l2=50]",val,10,1.0302032444860107,0.8320803699353612,9596,25.70838329201797,0.0345314999576658,0.07724779198179021,1245888,0.23305588585017836,392,943,880,0.9692470837751855,0.09261363636363637,0.1,0.10752140108355705,0.17286802447219599,0.1,0.23698529170646132,0.5545454545454546,1.0,0.4972985247639931,0.1552060291556385,0.10454526374508771,0.189464934467918,0.08345094528762684,0.025,0.14081899546025867,2.4591359456535504,2.2976085542693507,0.8036585541533094,0.7084115607956638,0.7208790113166623,0.08534707380509977,0.06825924830130023,0.04485425342058299,0.10446339690740233,0.7398727465535525,0.8,0.22299063781625697,0.20381760339342522,0.2,0.16175213872445693,0.05630965005302227,0.0,0.1795250799568941,threshold,0.5,50.0,5.0,-1,103263,96.34782959296778,3.652170407032222,61.39298454221165,592,100,True,3.489030215863969e-05,5975.655071059931,25.70838329201797,15059,0.009900990099009901
"SLIM[l1=0.5,l2=50]",val,10,1.0470012154990136,0.8460348381185453,9596,47.22994379099691,0.04664145800052211,0.03166637499816716,297312,0.2348394768133175,395,943,880,0.9989395546129375,0.10579545454545454,0.1,0.11497857139137524,0.21561366177869398,0.1318840579710145,0.26971926226210685,0.6113636363636363,1.0,0.4877175879006482,0.18482095394402578,0.13743816645714543,0.21026830104544153,0.10348215269904257,0.037037037037037035,0.16047608790441034,2.327314130482783,2.2481089799655876,0.4065048233424665,0.7084878825594836,0.7217057549758035,0.08798658614742817,0.05159908982117522,0.04021415823914337,0.04444780083556404,0.7465535524920467,0.8,0.23491946274461786,0.2241781548250265,0.2,0.20339146275871806,0.02926829268292683,0.0,0.09517106690898054,feature_mask,0.5,50.0,4.0,25,24215,99.1435721758395,0.8564278241604956,14.39655172413793,293,225,True,8.85452990924252e-05,15080.874320038693,47.22994379099691,39239,0.009900990099009901
"SLIM[l1=0.5,l2=50]",val,10,1.0406277404418143,0.8369414338384261,9596,39.8684165829909,0.07085337495664135,0.03688808297738433,453792,0.2300832342449465,387,943,880,0.9989395546129375,0.10965909090909091,0.1,0.11590224651727221,0.22398444189557365,0.14285714285714285,0.2737256077542901,0.634090909090909,1.0,0.48195807568755067,0.1936453714083947,0.13886244387355456,0.21509343300767075,0.11032794301432694,0.041944444444444444,0.16928117342994284,2.3118511781921383,2.2334954765398356,0.3718777415669845,0.7049242095087486,0.7208271753257176,0.08679784778683894,0.04994931184601399,0.039559785841760856,0.04014298793938188,0.7541887592788972,0.8,0.22088644612465475,0.2213149522799576,0.2,0.19237472682057738,0.02449628844114528,0.0,0.0811549835539165,feature_mask,0.5,50.0,4.0,50,37255,98.6823779232253,1.317622076774696,22.14922711058264,293,225,True,8.282328258967065e-05,14617.156944494212,39.8684165829909,39239,0.009900990099009901
"SLIM[l1=0.5,l2=50]",val,10,1.0371981637441097,0.8336488815049103,9596,44.41486316599185,0.049805916962213814,0.03878141596214846,692820,0.2164090368608799,364,943,880,0.9989395546129375,0.11295454545454546,0.1,0.11854406006741777,0.23040534343531077,0.15384615384615385,0.27379468327872997,0.6397727272727273,1.0,0.4803392270981564,0.20088660181701587,0.15130120674940675,0.21676181464750463,0.11494435193058705,0.05,0.1682785326237068,2.2982953222392783,2.246007107961606,0.3358113889979862,0.70448823790426,0.7194995120151899,0.08500540840829142,0.04810554995858523,0.040511600237953596,0.034565865360829964,0.7548250265111346,0.8,0.2088171777547299,0.22682926829268293,0.2,0.18765289452600067,0.018345705196182394,0.0,0.0624399439708667,feature_mask,0.5,50.0,4.0,100,57174,97.97788955529415,2.022110444705851,33.99167657550535,293,225,True,6.514866650615305e-05,14158.528258669976,44.41486316599185,39239,0.009900990099009901
"SLIM[l1=0.5,l2=50]",val,10,1.0371888182756224,0.8338657323033642,9596,31.62818904197775,0.05941320798592642,0.034380917029920965,1058892,0.21105826397146255,355,943,880,0.9989395546129375,0.11397727272727275,0.1,0.11828351213916331,0.2384093569021106,0.16666666666666666,0.27883560005989183,0.6477272727272727,1.0,0.4779500387366756,0.20458477592554897,0.16764399561865986,0.21566726721093307,0.11692736445377815,0.05555555555555555,0.16845963838301162,2.2897442542072253,2.240963370509976,0.3221746935186091,0.7068102416555619,0.7200660858760595,0.0824508028784086,0.04712244579963323,0.03932183224271267,0.03321057238364841,0.7593849416755039,0.8,0.20465507014190876,0.2241781548250265,0.2,0.1873627964246509,0.01643690349946978,0.0,0.05896513774220976,feature_mask,0.5,50.0,4.0,200,87680,96.89896379837323,3.101036201626771,52.128418549346016,293,200,True,7.442350985293975e-05,13795.12622360628,31.62818904197775,39239,0.009900990099009901
"SLIM[l1=0.5,l2=50]",val,10,1.0364892315739693,0.8329123993838056,9596,34.717210458009504,0.04810900002485141,0.03525729198008776,1523772,0.2051129607609988,345,943,880,0.9989395546129375,0.11340909090909092,0.1,0.11839739838596584,0.23808185520450323,0.16666666666666666,0.2820192080979227,0.6409090909090909,1.0,0.48000672246818044,0.2065738051294078,0.16886619455285945,0.21878945690536933,0.1190463900627591,0.05555555555555555,0.17163594431906803,2.282326915308702,2.2290818557366867,0.3195758912404182,0.7074091942964938,0.7187228326295196,0.08105219104280666,0.04649847998622242,0.03914336704342653,0.03286222516369263,0.7618239660657478,0.8,0.20400882224160427,0.22173913043478263,0.2,0.1872936878418495,0.016436903499469777,0.0,0.058057991322738936,feature_mask,0.5,50.0,4.0,400,126420,95.52882075034607,4.471179249653927,75.16052318668252,293,200,True,5.9986563781493154e-05,13550.702120764676,34.717210458009504,39239,0.009900990099009901
"SLIM[l1=0.5,l2=50]",val,10,1.0362410855040125,0.8326939641379217,9596,32.0784512499813,0.04976733302464709,0.03447383298771456,2063388,0.20630202140309156,347,943,880,0.9989395546129375,0.11363636363636363,0.1,0.11904227046478187,0.2394003553678227,0.16666666666666666,0.2830203754290281,0.6397727272727273,1.0,0.4803392270981564,0.20809537428823,0.17545297906601978,0.21942411486368027,0.1202923443261985,0.05833333333333333,0.17231377517495755,2.282741867945627,2.2372505066449393,0.31701744874451065,0.7067266069828245,0.7193705643185503,0.08112677661333666,0.04663928391863904,0.03950029744199881,0.032674300098868646,0.7617179215270414,0.8,0.20244790938919952,0.2215270413573701,0.2,0.18618131774973845,0.01675503711558855,0.0,0.056950740565224395,feature_mask,0.5,50.0,4.0,-1,171388,93.93840793197526,6.061592068024738,101.89536266349585,293,175,True,9.667485354940896e-05,13463.930093141284,32.0784512499813,39239,0.009900990099009901
