model,split,k,rmse,mae,n_test_ratings,train_time_s,predict_time_s,rank_time_s,model_bytes,catalog_coverage,n_covered_items,n_users_scored,n_users_with_relevant,user_coverage,precision_mean,precision_median,precision_std,recall_mean,recall_median,recall_std,hit_rate_mean,hit_rate_median,hit_rate_std,ndcg_mean,ndcg_median,ndcg_std,map_mean,map_median,map_std,novelty_mean,novelty_median,novelty_std,ild_mean,ild_median,ild_std,pop_rank_mean,pop_rank_median,pop_rank_std,head_frac_mean,head_frac_median,head_frac_std,medium_frac_mean,medium_frac_median,medium_frac_std,tail_frac_mean,tail_frac_median,tail_frac_std,rank_mode,family,similarity,mean_center,min_support,beta,fit_time_s
"UBCF[cosine,mc,k=5]",val,5,0.9861398379075608,0.7698139357916274,9596,0.056153332989197224,0.7278122910065576,0.019630666996818036,7121536,0.15338882282996433,258,943,880,1.0,0.010795454545454546,0.0,0.032130337200554984,0.02090083147507293,0.0,0.09203029421392157,0.10454545454545454,0.0,0.30614082541373605,0.012663095538535308,0.0,0.043752797732417616,0.003890224166265833,0.0,0.017625483175256168,6.678699875203354,6.8020419037435484,0.9632640297759134,0.6706131119031603,0.6823333414130668,0.10175651654804004,0.6363284239106779,0.6525282569898869,0.1327399371947657,0.15715800636267235,0.1,0.13133797610419637,0.08080593849416753,0.1,0.08768421607185835,0.7620360551431603,0.8,0.15794893815352828,rating,ubcf,cosine,True,3,25.0,0.056153332989197224
"UBCF[cosine,mc,k=5]",val,5,0.9861398379075608,0.7698139357916274,9596,0.056153332989197224,0.0046185830142349005,0.015715000045020133,7121536,0.22294887039239,375,943,880,1.0,0.05204545454545454,0.0,0.07659059030399956,0.10730686374986365,0.0,0.20405239400083056,0.3875,0.0,0.4874564243527579,0.09108343427655481,0.0,0.15044989466776248,0.04608568733680341,0.0,0.1012201116897921,2.741227779816512,2.673520036367015,0.48232973015400776,0.7066182064268424,0.7155903242620221,0.09762671895662467,0.09660304204624955,0.08447352766210589,0.05835576031944724,0.5655355249204665,0.6,0.2046951660342442,0.3274655355249204,0.3,0.1617271516525276,0.10699893955461294,0.1,0.1332821305570937,score,ubcf,cosine,True,3,25.0,0.056153332989197224
"UBCF[cosine,mc,k=5]",val,5,0.9861398379075608,0.7698139357916274,9596,0.056153332989197224,0.0044593330239877105,0.015568457951303571,7121536,0.2734839476813318,460,943,880,1.0,0.06920454545454545,0.0,0.09072733019040713,0.13912486389706175,0.0,0.22634653096193993,0.4738636363636364,0.0,0.49960036775295635,0.11838809392718072,0.0,0.17280300332392856,0.06216934581071485,0.0,0.12704845427832345,2.576676066527432,2.5470098110003336,0.34722045530365336,0.7110986066755698,0.7220766460293546,0.08709340159922581,0.07468405855980034,0.06841165972635337,0.03685546264321315,0.6088016967126192,0.6,0.2191397626652503,0.335949098621421,0.3,0.19051646633710514,0.055249204665959714,0.0,0.09129590976031388,affinity,ubcf,cosine,True,3,25.0,0.056153332989197224
"UBCF[cosine,mc,k=10]",val,10,0.9546767766217137,0.7447620858548486,9596,0.00031750003108754754,0.7668919999850914,0.01629050000337884,7121536,0.0802615933412604,135,943,880,1.0,0.0057954545454545455,0.0,0.023860687385813695,0.013072743228993228,0.0,0.07820397660211895,0.056818181818181816,0.0,0.2316265159691128,0.006820135859219737,0.0,0.03261304377449288,0.0019820129440665155,0.0,0.011844462550047901,7.558899049877857,7.6926318430640945,0.7592708499452976,0.6506569692193941,0.669183303423375,0.10065902171804646,0.7594995656652892,0.7772754312908984,0.10371131473968627,0.08579003181336162,0.1,0.09681546363156206,0.02258748674443266,0.0,0.047090355983913555,0.8916224814422058,0.9,0.11060448463144476,rating,ubcf,cosine,True,3,25.0,0.00031750003108754754
"UBCF[cosine,mc,k=10]",val,10,0.9546767766217137,0.7447620858548486,9596,0.00031750003108754754,0.006022082990966737,0.016843417019117624,7121536,0.14863258026159334,250,943,880,1.0,0.061250000000000006,0.0,0.08471745854055093,0.1224637225653717,0.0,0.21719403074058458,0.4340909090909091,0.0,0.49591880772315206,0.10557864484976869,0.0,0.16053297253240253,0.05452572010496117,0.0,0.1101911353238323,2.4851201399192577,2.481313133066934,0.3218652323607527,0.6900233113854588,0.6940632777365761,0.09384644668371817,0.0659346586482444,0.06389054134443782,0.03157610130490144,0.6623541887592789,0.7,0.19163386694599016,0.2909862142099682,0.3,0.16534523754995448,0.04665959703075292,0.0,0.07217413574941528,score,ubcf,cosine,True,3,25.0,0.00031750003108754754
"UBCF[cosine,mc,k=10]",val,10,0.9546767766217137,0.7447620858548486,9596,0.00031750003108754754,0.00586312502855435,0.015035249991342425,7121536,0.1985731272294887,334,943,880,1.0,0.06875,0.0,0.08802358381879764,0.14840933640183182,0.0,0.24068689821430753,0.4784090909090909,0.0,0.49981768317385444,0.12076740822795028,0.0,0.1710690977402084,0.06305050898726494,0.0,0.12063036191223223,2.501207025167162,2.5052970440862943,0.34603326819954927,0.6874777189226023,0.6963120718932636,0.0888437934908112,0.0664168111820528,0.06079714455681142,0.033475173637843664,0.6369034994697773,0.7,0.22572308490698853,0.3230116648992577,0.3,0.1995500428689721,0.040084835630965,0.0,0.07630529538066888,affinity,ubcf,cosine,True,3,25.0,0.00031750003108754754
"UBCF[cosine,mc,k=20]",val,20,0.9430180466654868,0.7354793734501875,9596,0.00028083298821002245,0.7976218749536201,0.01694033300736919,7121536,0.055291319857312726,93,943,880,1.0,0.0022727272727272726,0.0,0.014911744363790625,0.005676460534415079,0.0,0.056547413115854206,0.022727272727272728,0.0,0.14911744363790624,0.0026660722571534823,0.0,0.020791140211565955,0.0007387566137566137,0.0,0.006830763980704141,8.02836645869447,8.194225997450996,0.491395307217245,0.6469798393977152,0.669183303423375,0.09723991684268368,0.8241153860469107,0.845984533016062,0.06612228949435951,0.02841993637327678,0.0,0.05332217610070733,0.005514316012725345,0.0,0.02283806086631647,0.9660657476139979,1.0,0.05877467791453616,rating,ubcf,cosine,True,3,25.0,0.00028083298821002245
"UBCF[cosine,mc,k=20]",val,20,0.9430180466654868,0.7354793734501875,9596,0.00028083298821002245,0.006239500013180077,0.016533499991055578,7121536,0.09571938168846611,161,943,880,1.0,0.06522727272727273,0.0,0.08753971661895864,0.12236862347410739,0.0,0.20258146231034516,0.44886363636363635,0.0,0.4976610408015673,0.11105342144270537,0.0,0.16502253290974453,0.05773636037958955,0.0,0.11815421530785816,2.3564810559713814,2.3331050671002354,0.29063688947859545,0.6775854308292485,0.6812428534802419,0.09137394366620269,0.053125033513480774,0.04973230220107079,0.02579120310842662,0.7224814422057264,0.7,0.17817008449143276,0.2506892895015907,0.2,0.16106417587186278,0.026829268292682926,0.0,0.05204133903311868,score,ubcf,cosine,True,3,25.0,0.00028083298821002245
"UBCF[cosine,mc,k=20]",val,20,0.9430180466654868,0.7354793734501875,9596,0.00028083298821002245,0.0051296669989824295,0.015980124997440726,7121536,0.13852556480380498,233,943,880,1.0,0.07829545454545456,0.1,0.09831020060225322,0.16232906527427518,0.05555555555555555,0.24422723505959756,0.5113636363636364,1.0,0.5001551109080279,0.13595430370146924,0.06943122193677728,0.18382994414531573,0.0729312339308619,0.0125,0.13614558621646547,2.333010932956301,2.3299340984926156,0.30803568593563085,0.677046670874002,0.6811786704212658,0.08384440987146394,0.050169412616713656,0.04515169541939322,0.02691262408095093,0.7241781548250265,0.8,0.21683091456142248,0.2635206786850477,0.2,0.20520072340555504,0.012301166489925769,0.0,0.03711041751058362,affinity,ubcf,cosine,True,3,25.0,0.00028083298821002245
"UBCF[cosine,mc,k=30]",val,30,0.9403530921723797,0.7342578340071797,9596,0.00030279101338237524,0.7860787499812432,0.015891292016021907,7121536,0.05291319857312723,89,943,880,1.0,0.0007954545454545454,0.0,0.008888334048598685,0.002575757575757576,0.0,0.03891859942947047,0.007954545454545454,0.0,0.08888334048598688,0.0011250342631544626,0.0,0.014365065187470832,0.0003399621212121212,0.0,0.004974433035958787,8.168337620695377,8.274961489656757,0.3718317639434733,0.648231112983346,0.669183303423375,0.0959146653841024,0.8431371015207708,0.8568114217727544,0.04946924427242072,0.009013785790031814,0.0,0.031138735183987867,0.0018027571580063629,0.0,0.013312163907079429,0.9891834570519619,1.0,0.033697657562375076,rating,ubcf,cosine,True,3,25.0,0.00030279101338237524
"UBCF[cosine,mc,k=30]",val,30,0.9403530921723797,0.7342578340071797,9596,0.00030279101338237524,0.004515708016697317,0.014769709028769284,7121536,0.07550535077288942,127,943,880,1.0,0.06738636363636363,0.0,0.08945536532227435,0.1263076138576806,0.0,0.20509469663817959,0.4636363636363636,0.0,0.4989595131052968,0.11724699383091626,0.0,0.1705587847188514,0.06205630282415997,0.0,0.1241889514580989,2.2911772577831253,2.28190125165164,0.26803905446140897,0.674020374810005,0.679453566210481,0.08650709366050423,0.046714858789174495,0.04503271861986912,0.02282462000989638,0.7562036055143161,0.8,0.17210205616568236,0.23244962884411455,0.2,0.16070122796083766,0.01134676564156946,0.0,0.03399434209878931,score,ubcf,cosine,True,3,25.0,0.00030279101338237524
"UBCF[cosine,mc,k=30]",val,30,0.9403530921723797,0.7342578340071797,9596,0.00030279101338237524,0.004546542011667043,0.01449954102281481,7121536,0.11117717003567182,187,943,880,1.0,0.08272727272727272,0.1,0.09889868263025864,0.17493957007728458,0.08333333333333333,0.25378304594452245,0.5420454545454545,1.0,0.49851236964285806,0.14531149934892088,0.08323546765225676,0.1874708356089022,0.07826919295706497,0.016666666666666666,0.13963545049522197,2.2577471809838547,2.243965935561783,0.285090219386004,0.6772238815005792,0.6833538132807246,0.0807550545752406,0.04331859476161428,0.03825104104699584,0.023593915153833744,0.766914103923648,0.8,0.204118216554845,0.22873806998939555,0.2,0.19896547274669465,0.004347826086956523,0.0,0.022857769241460043,affinity,ubcf,cosine,True,3,25.0,0.00030279101338237524
"UBCF[cosine,mc,k=50]",val,50,0.9405575854753687,0.7355657529107661,9596,0.0002632499672472477,0.7559231250197627,0.016761541948653758,7121536,0.050535077288941736,85,943,880,1.0,0.00034090909090909094,0.0,0.005832095816016594,0.0005492424242424242,0.0,0.011845883870091835,0.003409090909090909,0.0,0.05832095816016595,0.000383855445331493,0.0,0.0075366403142592565,0.00012152777777777777,0.0,0.0028642304872840978,8.227394294778714,8.294225997450997,0.29248965661820525,0.6493824554097776,0.669183303423375,0.09521009214968913,0.8511255167384459,0.858893515764426,0.03858583434677853,0.0005302226935312832,0.0,0.007266162791498897,0.0006362672322375399,0.0,0.007955438502238956,0.9988335100742313,1.0,0.011689401313116124,rating,ubcf,cosine,True,3,25.0,0.0002632499672472477
"UBCF[cosine,mc,k=50]",val,50,0.9405575854753687,0.7355657529107661,9596,0.0002632499672472477,0.006179666961543262,0.015387792023830116,7121536,0.06183115338882283,104,943,880,1.0,0.06772727272727272,0.0,0.09052655061198803,0.12667923633675632,0.0,0.20871378516268932,0.4590909090909091,0.0,0.4986070160545134,0.12143748928237723,0.0,0.1812593732213741,0.06656289510753796,0.0,0.13549279967033875,2.2256703321669473,2.205021430611194,0.2347468777630713,0.6659879660779255,0.6613655527572314,0.08118816312948947,0.040237310140217246,0.03854848304580607,0.018546066828632652,0.7997879109225875,0.8,0.16212481621282726,0.20021208907741253,0.2,0.16212481621282726,0.0,0.0,0.0,score,ubcf,cosine,True,3,25.0,0.0002632499672472477
"UBCF[cosine,mc,k=50]",val,50,0.9405575854753687,0.7355657529107661,9596,0.0002632499672472477,0.004589874995872378,0.015629999979864806,7121536,0.08620689655172414,145,943,880,1.0,0.08488636363636363,0.1,0.0994237585936199,0.18068335747479225,0.08333333333333333,0.2573304832949106,0.5477272727272727,1.0,0.49799992980505664,0.1543290573637801,0.08514311764162101,0.19981922354403403,0.08605732781328018,0.02,0.1527318620924295,2.1727617531340835,2.1766974999553947,0.2530505066440049,0.6804428094069715,0.6853858930720358,0.07197041610048699,0.036084477312714046,0.03301606186793575,0.019109039335839555,0.8209968186638389,0.9,0.17900486593409945,0.17868504772004243,0.1,0.17864068438633426,0.00031813361611876995,0.0,0.005634342669709344,affinity,ubcf,cosine,True,3,25.0,0.0002632499672472477
"UBCF[cosine,mc,k=80]",val,80,0.9424600803955466,0.7385530038139765,9596,0.0002650410169735551,0.7121648330357857,0.016068292025011033,7121536,0.04934601664684899,83,943,880,1.0,0.00034090909090909094,0.0,0.005832095816016594,0.0005492424242424242,0.0,0.011845883870091835,0.003409090909090909,0.0,0.05832095816016595,0.000383855445331493,0.0,0.0075366403142592565,0.00012152777777777777,0.0,0.0028642304872840978,8.232041154792462,8.294225997450997,0.2819637497310261,0.6497722405451823,0.669183303423375,0.09463311430496511,0.8517431741319456,0.859071980963712,0.03725601464704223,0.0,0.0,0.0,0.00042417815482502654,0.0,0.0065025169663879764,0.999575821845175,1.0,0.006502516966387974,rating,ubcf,cosine,True,3,25.0,0.0002650410169735551
"UBCF[cosine,mc,k=80]",val,80,0.9424600803955466,0.7385530038139765,9596,0.0002650410169735551,0.004517249995842576,0.015006957983132452,7121536,0.05112960760998811,86,943,880,1.0,0.07090909090909091,0.0,0.09453359989961425,0.13123839251008498,0.0,0.21263388776890527,0.46704545454545454,0.0,0.4991965309811287,0.1281453211241507,0.0,0.186507146802231,0.07102416723212854,0.0,0.1403153673446583,2.151371535077677,2.127363209566571,0.20723694033483722,0.6606125387359595,0.6534713056887792,0.07188183149466833,0.033968570190318716,0.0312908982748364,0.015671533662026227,0.8539766702014846,0.9,0.14329526287999753,0.14602332979851537,0.1,0.1432952628799975,0.0,0.0,0.0,score,ubcf,cosine,True,3,25.0,0.0002650410169735551
"UBCF[cosine,mc,k=80]",val,80,0.9424600803955466,0.7385530038139765,9596,0.0002650410169735551,0.004478042013943195,0.014924500021152198,7121536,0.06896551724137931,116,943,880,1.0,0.09181818181818183,0.1,0.10352760322362065,0.19301630300909484,0.1,0.26313206344613166,0.575,1.0,0.4946241146461963,0.1636586356971916,0.0994533784988141,0.200786039283648,0.09085600423881672,0.024404761904761905,0.152747294358034,2.084967017782183,2.0918726939755024,0.21839068847409737,0.688654715392185,0.6922600233976963,0.06960545629724291,0.029333143239613346,0.027900059488399763,0.01463855487888438,0.8768822905620361,0.9,0.14401003272969284,0.12311770943796395,0.1,0.14401003272969284,0.0,0.0,0.0,affinity,ubcf,cosine,True,3,25.0,0.0002650410169735551
"UBCF[cosine,mc,k=120]",val,120,0.9436425705795963,0.7405007193686804,9596,0.00026249996153637767,0.5388899999670684,0.0163463749922812,7121536,0.04934601664684899,83,943,880,1.0,0.00034090909090909094,0.0,0.005832095816016594,0.0005492424242424242,0.0,0.011845883870091835,0.003409090909090909,0.0,0.05832095816016595,0.000383855445331493,0.0,0.0075366403142592565,0.00012152777777777777,0.0,0.0028642304872840978,8.23182906571505,8.294225997450997,0.2820184223760566,0.6493887338807135,0.669183303423375,0.09484035025441839,0.8517144077371509,0.859071980963712,0.037262091036681294,0.0,0.0,0.0,0.00042417815482502654,0.0,0.0065025169663879764,0.999575821845175,1.0,0.006502516966387974,rating,ubcf,cosine,True,3,25.0,0.00026249996153637767
"UBCF[cosine,mc,k=120]",val,120,0.9436425705795963,0.7405007193686804,9596,0.00026249996153637767,0.006061208026949316,0.016233582980930805,7121536,0.04280618311533888,72,943,880,1.0,0.07352272727272728,0.0,0.09818071810594033,0.13286371457748572,0.0,0.21229236275548705,0.47045454545454546,0.0,0.49941013918802013,0.13032388919075263,0.0,0.1887114912288985,0.07269893414015438,0.0,0.14202012199282774,2.078213449423764,2.0615049604521607,0.16244999085693948,0.6566431015310541,0.6510759369745696,0.06968172363470719,0.027993234850487294,0.02599643069601428,0.01154276136290312,0.9095440084835631,1.0,0.11672323737799568,0.09045599151643692,0.0,0.11672323737799568,0.0,0.0,0.0,score,ubcf,cosine,True,3,25.0,0.00026249996153637767
"UBCF[cosine,mc,k=120]",val,120,0.9436425705795963,0.7405007193686804,9596,0.00026249996153637767,0.005286542000249028,0.016375041042920202,7121536,0.06064209274673008,102,943,880,1.0,0.0928409090909091,0.1,0.10615258153114089,0.191220642193946,0.10263157894736842,0.2574965724916566,0.5738636363636364,1.0,0.4947952813662456,0.16647631363010643,0.10778915452451095,0.20278592569341228,0.09335145083917405,0.027777777777777776,0.15593007343449677,1.987902468997844,1.9872880778449873,0.18797556832248,0.6945880620994941,0.6980781518905874,0.06599583378336714,0.022828152964042638,0.020939916716240334,0.011576590920967047,0.9316012725344645,1.0,0.11546215673303853,0.06839872746553552,0.0,0.11546215673303852,0.0,0.0,0.0,affinity,ubcf,cosine,True,3,25.0,0.00026249996153637767
"UBCF[cosine,mc,k=200]",val,200,0.9447429824638233,0.7421273160873965,9596,0.00025833299150690436,0.4080971669754945,0.01586495799710974,7121536,0.04934601664684899,83,943,880,1.0,0.00034090909090909094,0.0,0.005832095816016594,0.0005492424242424242,0.0,0.011845883870091835,0.003409090909090909,0.0,0.05832095816016595,0.000383855445331493,0.0,0.0075366403142592565,0.00012152777777777777,0.0,0.0028642304872840978,8.231743450134768,8.294225997450997,0.2820093800135428,0.6496268869809105,0.669183303423375,0.09475385276877941,0.8517030525813108,0.858893515764426,0.037260485573119555,0.0,0.0,0.0,0.00042417815482502654,0.0,0.0065025169663879764,0.999575821845175,1.0,0.006502516966387974,rating,ubcf,cosine,True,3,25.0,0.00025833299150690436
"UBCF[cosine,mc,k=200]",val,200,0.9447429824638233,0.7421273160873965,9596,0.00025833299150690436,0.004594958038069308,0.014928625023458153,7121536,0.04102259215219976,69,943,880,1.0,0.07545454545454545,0.0,0.09781351497021473,0.1391550581863427,0.0,0.21587427970494608,0.4875,0.0,0.5001279699718092,0.13372355159106622,0.0,0.18848731194581284,0.07422243874401613,0.0,0.14213498245902978,2.020299435228131,2.003322910565313,0.14787655750793458,0.6645113748694581,0.6616656563837731,0.06213229964143162,0.02429429283559059,0.02129684711481261,0.010579064379513144,0.937221633085896,1.0,0.10609614214780172,0.06277836691410393,0.0,0.10609614214780172,0.0,0.0,0.0,score,ubcf,cosine,True,3,25.0,0.00025833299150690436
"UBCF[cosine,mc,k=200]",val,200,0.9447429824638233,0.7421273160873965,9596,0.00025833299150690436,0.004587291972711682,0.014684709021821618,7121536,0.052318668252080855,88,943,880,1.0,0.09465909090909093,0.1,0.10593802107182841,0.19728721731608934,0.1111111111111111,0.26139643940330837,0.5818181818181818,1.0,0.493540863064371,0.16676031785229617,0.1100458831490401,0.1982217793291752,0.09107017507129114,0.031180555555555555,0.14827576127244665,1.875260727826781,1.8681218545658598,0.15874402543654156,0.7120157442493479,0.7144422490730287,0.05768236152410215,0.01656805554942237,0.014158239143367043,0.009780022478518783,0.9577942735949099,1.0,0.10021321266505322,0.042205726405090134,0.0,0.10021321266505322,0.0,0.0,0.0,affinity,ubcf,cosine,True,3,25.0,0.00025833299150690436
"UBCF[cosine,mc,k=300]",val,300,0.9451027352088269,0.7425465221896798,9596,0.0003242919920012355,0.24701258301502094,0.017784458003006876,7121536,0.04934601664684899,83,943,880,1.0,0.00034090909090909094,0.0,0.005832095816016594,0.0005492424242424242,0.0,0.011845883870091835,0.003409090909090909,0.0,0.05832095816016595,0.000383855445331493,0.0,0.0075366403142592565,0.00012152777777777777,0.0,0.0028642304872840978,8.231743450134768,8.294225997450997,0.2820093800135428,0.6495156942764433,0.669183303423375,0.09484792004941398,0.8517029264129126,0.858893515764426,0.03726058813693889,0.0,0.0,0.0,0.00042417815482502654,0.0,0.0065025169663879764,0.999575821845175,1.0,0.006502516966387974,rating,ubcf,cosine,True,3,25.0,0.0003242919920012355
"UBCF[cosine,mc,k=300]",val,300,0.9451027352088269,0.7425465221896798,9596,0.0003242919920012355,0.004419666947796941,0.015014457982033491,7121536,0.04102259215219976,69,943,880,1.0,0.07681818181818181,0.0,0.09872388788900789,0.14226152873599507,0.0,0.21684130163646134,0.4943181818181818,0.0,0.5002520308025347,0.1342259335102136,0.0,0.18702716913422218,0.07375474916397536,0.0,0.14064314079604556,2.0087033735905884,1.9908743859324012,0.14969136512815906,0.6649152042800487,0.6620764880746572,0.06218809662408497,0.023839392675798314,0.02082093991671624,0.010646921114555669,0.9382820784729586,1.0,0.10591837264429584,0.06171792152704136,0.0,0.10591837264429584,0.0,0.0,0.0,score,ubcf,cosine,True,3,25.0,0.0003242919920012355
"UBCF[cosine,mc,k=300]",val,300,0.9451027352088269,0.7425465221896798,9596,0.0003242919920012355,0.004465000005438924,0.016790665977168828,7121536,0.05291319857312723,89,943,880,1.0,0.0940909090909091,0.1,0.10444758377154609,0.19729304430441313,0.1111111111111111,0.2612168722013959,0.5829545454545455,1.0,0.4933509184769224,0.1676034597192643,0.1100458831490401,0.199429681337634,0.09192497251425823,0.03125,0.14873374255677604,1.8538705736215635,1.8390942760128364,0.15793045077186488,0.7143763738123317,0.7180646286312659,0.058468886556095986,0.015775339503388566,0.013027959547888162,0.009907897841262043,0.958218451749735,1.0,0.09975451289984268,0.041781548250265116,0.0,0.09975451289984268,0.0,0.0,0.0,affinity,ubcf,cosine,True,3,25.0,0.0003242919920012355
"UBCF[cosine,raw,k=5]",val,5,1.0618172331225773,0.8427482751279631,9596,0.0004402500344440341,0.7162911249906756,0.01636149996193126,7121536,0.13079667063020214,220,943,880,0.030752916224814422,0.004204545454545455,0.0,0.020639469291285517,0.007312499035426843,0.0,0.04980911959345118,0.04090909090909091,0.0,0.19819226460980638,0.009662320713703355,0.0,0.05463564165984272,0.005227648508898509,0.0,0.035541748631034396,7.812087030665889,7.961211137281765,0.7162664576239639,0.7096674883808849,0.7183148221341005,0.0802267541583541,0.7855070991803471,0.8051754907792981,0.09671243386373428,0.07550371155885474,0.0,0.09523763850892922,0.030116648992576885,0.0,0.05278533992551173,0.8943796394485685,0.9,0.10894306002728056,rating,ubcf,cosine,False,3,25.0,0.0004402500344440341
"UBCF[cosine,raw,k=5]",val,5,1.0618172331225773,0.8427482751279631,9596,0.0004402500344440341,0.008572417020332068,0.015725959034170955,7121536,0.24851367419738407,418,943,880,1.0,0.07181818181818182,0.0,0.08950051581505798,0.15812790836388643,0.0,0.24701251267716787,0.4863636363636364,0.0,0.500098242494446,0.12606591292641176,0.0,0.17866429691437088,0.06670823133546348,0.0,0.13339815621610632,2.5421176119270785,2.5053063049175863,0.3677174066756593,0.7033989022573998,0.7103654834449323,0.09124181180067935,0.07179726252426374,0.06484235574063058,0.037541617767945006,0.627677624602333,0.7,0.22381467443024716,0.3163308589607636,0.3,0.19659658537229727,0.0559915164369035,0.0,0.0906666038239652,score,ubcf,cosine,False,3,25.0,0.0004402500344440341
"UBCF[cosine,raw,k=5]",val,5,1.0618172331225773,0.8427482751279631,9596,0.0004402500344440341,0.007733166974503547,0.01611495902761817,7121536,0.2734839476813318,460,943,880,1.0,0.06920454545454545,0.0,0.09072733019040713,0.13912486389706175,0.0,0.22634653096193993,0.4738636363636364,0.0,0.49960036775295635,0.11838809392718072,0.0,0.17280300332392856,0.06216934581071485,0.0,0.12704845427832345,2.576676066527432,2.5470098110003336,0.34722045530365336,0.7110986066755698,0.7220766460293546,0.08709340159922581,0.07468405855980034,0.06841165972635337,0.03685546264321315,0.6088016967126192,0.6,0.2191397626652503,0.335949098621421,0.3,0.19051646633710514,0.055249204665959714,0.0,0.09129590976031388,affinity,ubcf,cosine,False,3,25.0,0.0004402500344440341
"UBCF[cosine,raw,k=10]",val,10,1.0241348262264072,0.8134637923084171,9596,0.0002589999930933118,0.7737468749983236,0.01572854199912399,7121536,0.06183115338882283,104,943,880,0.08483563096500531,0.0009090909090909091,0.0,0.009496585056102527,0.0018163780663780665,0.0,0.023138089229891873,0.00909090909090909,0.0,0.09496585056102527,0.0017987703061060419,0.0,0.02055808065089564,0.0008089826839826838,0.0,0.010634429808495792,8.444292700951047,8.565650549217612,0.3496999305093965,0.7051129755434484,0.7054848161521088,0.06908998520776516,0.8717120988554634,0.8886972040452112,0.045717329900809074,0.012831389183457054,0.0,0.03902664165536341,0.0013785790031813363,0.0,0.012543252019593328,0.9857900318133618,1.0,0.04184678385239175,rating,ubcf,cosine,False,3,25.0,0.0002589999930933118
"UBCF[cosine,raw,k=10]",val,10,1.0241348262264072,0.8134637923084171,9596,0.0002589999930933118,0.006979083002079278,0.01526499999454245,7121536,0.1902497027348395,320,943,880,1.0,0.08568181818181819,0.1,0.10096007224550077,0.1765588038814769,0.08333333333333333,0.2544552511441864,0.5375,1.0,0.498875299325982,0.14532353147978028,0.07945707943276742,0.1888693411134841,0.0778102052268719,0.016269841269841268,0.14086436438419997,2.380563966319548,2.3473816368469005,0.33534430081797095,0.693110334259305,0.7020744331961242,0.08352829865452306,0.05517508073200381,0.04913741820345032,0.030310574057858714,0.7100742311770945,0.8,0.22773297677090135,0.26617179215270415,0.2,0.21353082726589376,0.023753976670201488,0.0,0.056695174444520165,score,ubcf,cosine,False,3,25.0,0.0002589999930933118
"UBCF[cosine,raw,k=10]",val,10,1.0241348262264072,0.8134637923084171,9596,0.0002589999930933118,0.007453666999936104,0.016806249972432852,7121536,0.1985731272294887,334,943,880,1.0,0.06875,0.0,0.08802358381879764,0.14840933640183182,0.0,0.24068689821430753,0.4784090909090909,0.0,0.49981768317385444,0.12076740822795028,0.0,0.1710690977402084,0.06305050898726494,0.0,0.12063036191223223,2.501207025167162,2.5052970440862943,0.34603326819954927,0.6874777189226023,0.6963120718932636,0.0888437934908112,0.0664168111820528,0.06079714455681142,0.033475173637843664,0.6369034994697773,0.7,0.22572308490698853,0.3230116648992577,0.3,0.1995500428689721,0.040084835630965,0.0,0.07630529538066888,affinity,ubcf,cosine,False,3,25.0,0.0002589999930933118
"UBCF[cosine,raw,k=20]",val,20,1.0095463368552957,0.8028938735168413,9596,0.0002592910313978791,0.8081536659738049,0.01639533304842189,7121536,0.054102259215219974,91,943,880,0.0911983032873807,0.00045454545454545455,0.0,0.006730483674084933,0.0006168831168831168,0.0,0.010400035215821522,0.004545454545454545,0.0,0.06730483674084932,0.0007399194375542221,0.0,0.01197633462447122,0.0003070887445887446,0.0,0.005504793363820802,8.5060671490529,8.582643049361842,0.2649979635319024,0.7016385551887394,0.6989760779562544,0.07109672056923567,0.8799564466689336,0.8913146936347414,0.03395110585736514,0.0033934252386002123,0.0,0.019251962131133494,0.00031813361611876995,0.0,0.005634342669709344,0.996288441145281,1.0,0.02153872589975558,rating,ubcf,cosine,False,3,25.0,0.0002592910313978791
"UBCF[cosine,raw,k=20]",val,20,1.0095463368552957,0.8028938735168413,9596,0.0002592910313978791,0.008021124987863004,0.015399291005451232,7121536,0.14090368608799048,237,943,880,1.0,0.09181818181818181,0.1,0.10527114840311304,0.18630184396004212,0.1,0.2524485466919438,0.5681818181818182,1.0,0.4956111026644682,0.15632582547228283,0.09478836436955079,0.19149244491773532,0.08416145636495338,0.021527777777777778,0.1406958224772459,2.250759902751678,2.2141833894664336,0.30453513736734855,0.6911947334209487,0.6965989437195699,0.07527468203313067,0.043134199647611664,0.037001784651992865,0.02470739611339233,0.7796394485683987,0.8,0.21177913176284954,0.21410392364793213,0.2,0.20663726029270843,0.006256627783669142,0.0,0.02751347664524885,score,ubcf,cosine,False,3,25.0,0.0002592910313978791
"UBCF[cosine,raw,k=20]",val,20,1.0095463368552957,0.8028938735168413,9596,0.0002592910313978791,0.006059125007595867,0.014875166001729667,7121536,0.13852556480380498,233,943,880,1.0,0.07829545454545456,0.1,0.09831020060225322,0.16232906527427518,0.05555555555555555,0.24422723505959756,0.5113636363636364,1.0,0.5001551109080279,0.13595430370146924,0.06943122193677728,0.18382994414531573,0.0729312339308619,0.0125,0.13614558621646547,2.333010932956301,2.3299340984926156,0.30803568593563085,0.677046670874002,0.6811786704212658,0.08384440987146394,0.050169412616713656,0.04515169541939322,0.02691262408095093,0.7241781548250265,0.8,0.21683091456142248,0.2635206786850477,0.2,0.20520072340555504,0.012301166489925769,0.0,0.03711041751058362,affinity,ubcf,cosine,False,3,25.0,0.0002592910313978791
"UBCF[cosine,raw,k=30]",val,30,1.0059131238174546,0.8007716682984972,9596,0.0002519999979995191,0.8203743750345893,0.016059832996688783,7121536,0.05172413793103448,87,943,880,0.0911983032873807,0.0005681818181818182,0.0,0.0075206132422260446,0.0009956709956709955,0.0,0.015295603662192896,0.005681818181818182,0.0,0.07520613242226042,0.0008052343477392621,0.0,0.011287528540215624,0.0002739448051948052,0.0,0.004272491200989082,8.520919393418005,8.59195398980099,0.2265163531834506,0.705143014766748,0.7083682941964848,0.07029024655498022,0.881902089537927,0.8904223676383106,0.028514812886821124,0.0016967126193001062,0.0,0.012921667471469273,0.0,0.0,0.0,0.9983032873806998,1.0,0.012921667471469266,rating,ubcf,cosine,False,3,25.0,0.0002519999979995191
"UBCF[cosine,raw,k=30]",val,30,1.0059131238174546,0.8007716682984972,9596,0.0002519999979995191,0.008265624986961484,0.018859125033486634,7121536,0.11831153388822829,199,943,880,1.0,0.09613636363636364,0.1,0.10818001912269903,0.19644625223845147,0.1,0.25839495045106337,0.5840909090909091,1.0,0.4931582792845836,0.1659116929477362,0.10421703807657075,0.2000817883411035,0.09151702666546416,0.025,0.15378608389929896,2.1864290408612903,2.147566829249655,0.28123087207724873,0.6902807920361425,0.6959143492244415,0.07248998136969707,0.03741561699816362,0.031171921475312316,0.02172501553124076,0.8207847295864263,0.9,0.1993423883473975,0.17794273594909862,0.1,0.19802959553777522,0.0012725344644750796,0.0,0.0121243100638793,score,ubcf,cosine,False,3,25.0,0.0002519999979995191
"UBCF[cosine,raw,k=30]",val,30,1.0059131238174546,0.8007716682984972,9596,0.0002519999979995191,0.008179375028703362,0.016311999992467463,7121536,0.11117717003567182,187,943,880,1.0,0.08272727272727272,0.1,0.09889868263025864,0.17493957007728458,0.08333333333333333,0.25378304594452245,0.5420454545454545,1.0,0.49851236964285806,0.14531149934892088,0.08323546765225676,0.1874708356089022,0.07826919295706497,0.016666666666666666,0.13963545049522197,2.2577471809838547,2.243965935561783,0.285090219386004,0.6772238815005792,0.6833538132807246,0.0807550545752406,0.04331859476161428,0.03825104104699584,0.023593915153833744,0.766914103923648,0.8,0.204118216554845,0.22873806998939555,0.2,0.19896547274669465,0.004347826086956523,0.0,0.022857769241460043,affinity,ubcf,cosine,False,3,25.0,0.0002519999979995191
"UBCF[cosine,raw,k=50]",val,50,1.006625619928484,0.801526745636149,9596,0.00034262501867488027,0.7739328329917043,0.01638879196252674,7121536,0.052318668252080855,88,943,880,0.0911983032873807,0.00045454545454545455,0.0,0.006730483674084933,0.0006168831168831168,0.0,0.010400035215821522,0.004545454545454545,0.0,0.06730483674084932,0.0006818372060261775,0.0,0.01085556200387126,0.00025974025974025974,0.0,0.004522624147724328,8.525627930610511,8.582643049361842,0.21216914548059554,0.7026839491263619,0.7046402649863136,0.0729908179992575,0.8826131746303109,0.8907198096371207,0.026239202598745796,0.00042417815482502654,0.0,0.006502516966387975,0.0,0.0,0.0,0.9995758218451749,1.0,0.006502516966387974,rating,ubcf,cosine,False,3,25.0,0.00034262501867488027
"UBCF[cosine,raw,k=50]",val,50,1.006625619928484,0.801526745636149,9596,0.00034262501867488027,0.007356208981946111,0.01584825001191348,7121536,0.09631391200951249,162,943,880,1.0,0.09840909090909092,0.1,0.1068622321662989,0.20654225581876076,0.125,0.2664791260246683,0.5931818181818181,1.0,0.4915197704729142,0.17349039534126529,0.12829901735726457,0.20444299173990801,0.09598951479792255,0.03333333333333333,0.15672956878099267,2.107618116882621,2.0822699380148317,0.25685698381491845,0.6935107461883795,0.6955964981130625,0.06696975221434043,0.031226236970747227,0.026115407495538374,0.018508434091157076,0.8697773064687169,1.0,0.1762087561005274,0.13022269353128316,0.0,0.1762087561005274,0.0,0.0,0.0,score,ubcf,cosine,False,3,25.0,0.00034262501867488027
"UBCF[cosine,raw,k=50]",val,50,1.006625619928484,0.801526745636149,9596,0.00034262501867488027,0.008053332974668592,0.015829165989998728,7121536,0.08620689655172414,145,943,880,1.0,0.08488636363636363,0.1,0.0994237585936199,0.18068335747479225,0.08333333333333333,0.2573304832949106,0.5477272727272727,1.0,0.49799992980505664,0.1543290573637801,0.08514311764162101,0.19981922354403403,0.08605732781328018,0.02,0.1527318620924295,2.1727617531340835,2.1766974999553947,0.2530505066440049,0.6804428094069715,0.6853858930720358,0.07197041610048699,0.036084477312714046,0.03301606186793575,0.019109039335839555,0.8209968186638389,0.9,0.17900486593409945,0.17868504772004243,0.1,0.17864068438633426,0.00031813361611876995,0.0,0.005634342669709344,affinity,ubcf,cosine,False,3,25.0,0.00034262501867488027
"UBCF[cosine,raw,k=80]",val,80,1.0082712958351827,0.8035806017048149,9596,0.0002876250073313713,0.7118170000030659,0.016235875023994595,7121536,0.04934601664684899,83,943,880,0.0911983032873807,0.00045454545454545455,0.0,0.006730483674084933,0.0006168831168831168,0.0,0.010400035215821522,0.004545454545454545,0.0,0.06730483674084932,0.0007399194375542221,0.0,0.01197633462447122,0.0003070887445887446,0.0,0.005504793363820802,8.532189784420336,8.607154299145495,0.20210268878134202,0.7037210719790966,0.7046402649863136,0.06910431296836979,0.8834229864943038,0.8923854848304581,0.025017744166599,0.0,0.0,0.0,0.0,0.0,0.0,1.0,1.0,0.0,rating,ubcf,cosine,False,3,25.0,0.0002876250073313713
"UBCF[cosine,raw,k=80]",val,80,1.0082712958351827,0.8035806017048149,9596,0.0002876250073313713,0.0077444170019589365,0.016118167026434094,7121536,0.0802615933412604,135,943,880,1.0,0.10215909090909092,0.1,0.10796439879697044,0.21651270108888193,0.13484848484848483,0.2697692565457789,0.6181818181818182,1.0,0.48610861170798825,0.18131690790450677,0.13886244387355456,0.20620945542623031,0.10074463258577841,0.041666666666666664,0.15906045339281952,2.020288511807743,2.0089980264055796,0.2249926516199667,0.6996123226876502,0.7022929535764546,0.06505830247038331,0.024939770360898394,0.02099940511600238,0.014458018948537934,0.9194061505832449,1.0,0.14282138654522009,0.08059384941675504,0.0,0.14282138654522009,0.0,0.0,0.0,score,ubcf,cosine,False,3,25.0,0.0002876250073313713
"UBCF[cosine,raw,k=80]",val,80,1.0082712958351827,0.8035806017048149,9596,0.0002876250073313713,0.00803062500199303,0.016178833961021155,7121536,0.06896551724137931,116,943,880,1.0,0.09181818181818183,0.1,0.10352760322362065,0.19301630300909484,0.1,0.26313206344613166,0.575,1.0,0.4946241146461963,0.1636586356971916,0.0994533784988141,0.200786039283648,0.09085600423881672,0.024404761904761905,0.152747294358034,2.084967017782183,2.0918726939755024,0.21839068847409737,0.688654715392185,0.6922600233976963,0.06960545629724291,0.029333143239613346,0.027900059488399763,0.01463855487888438,0.8768822905620361,0.9,0.14401003272969284,0.12311770943796395,0.1,0.14401003272969284,0.0,0.0,0.0,affinity,ubcf,cosine,False,3,25.0,0.0002876250073313713
"UBCF[cosine,raw,k=120]",val,120,1.009369059966913,0.8050807161869461,9596,0.0002515409723855555,0.5517726249527186,0.015729958016891032,7121536,0.04934601664684899,83,943,880,0.0911983032873807,0.00045454545454545455,0.0,0.006730483674084933,0.0006168831168831168,0.0,0.010400035215821522,0.004545454545454545,0.0,0.06730483674084932,0.0006818372060261775,0.0,0.01085556200387126,0.00025974025974025974,0.0,0.004522624147724328,8.531821724277751,8.607154299145495,0.20201255679588204,0.7031510313940456,0.6992103576459392,0.07129877683991719,0.883386271490421,0.8914931588340274,0.02502162147561705,0.0,0.0,0.0,0.0,0.0,0.0,1.0,1.0,0.0,rating,ubcf,cosine,False,3,25.0,0.0002515409723855555
"UBCF[cosine,raw,k=120]",val,120,1.009369059966913,0.8050807161869461,9596,0.0002515409723855555,0.005641666997689754,0.014095042017288506,7121536,0.07193816884661118,121,943,880,1.0,0.10102272727272728,0.1,0.10724112701576546,0.2168997951345583,0.13333333333333333,0.2698386183031989,0.6181818181818182,1.0,0.48610861170798825,0.17951170695642535,0.1343519917840884,0.2033069778076715,0.09915726210517876,0.03685185185185185,0.15638088299590236,1.9378923604908302,1.9288008221992072,0.19090895119748832,0.7131894001563528,0.7204629895279444,0.057975515187549786,0.01961805040806014,0.01689470553242118,0.010990676049869239,0.955779427359491,1.0,0.10530514814575163,0.044220572640509014,0.0,0.10530514814575163,0.0,0.0,0.0,score,ubcf,cosine,False,3,25.0,0.0002515409723855555
"UBCF[cosine,raw,k=120]",val,120,1.009369059966913,0.8050807161869461,9596,0.0002515409723855555,0.005955500004347414,0.015108874998986721,7121536,0.06064209274673008,102,943,880,1.0,0.0928409090909091,0.1,0.10615258153114089,0.191220642193946,0.10263157894736842,0.2574965724916566,0.5738636363636364,1.0,0.4947952813662456,0.16647631363010643,0.10778915452451095,0.20278592569341228,0.09335145083917405,0.027777777777777776,0.15593007343449677,1.987902468997844,1.9872880778449873,0.18797556832248,0.6945880620994941,0.6980781518905874,0.06599583378336714,0.022828152964042638,0.020939916716240334,0.011576590920967047,0.9316012725344645,1.0,0.11546215673303853,0.06839872746553552,0.0,0.11546215673303852,0.0,0.0,0.0,affinity,ubcf,cosine,False,3,25.0,0.0002515409723855555
"UBCF[cosine,raw,k=200]",val,200,1.0101067853015777,0.8059546987203229,9596,0.0002542080474086106,0.3947412499692291,0.016208875051233917,7121536,0.04875148632580262,82,943,880,0.0911983032873807,0.00045454545454545455,0.0,0.006730483674084933,0.0006168831168831168,0.0,0.010400035215821522,0.004545454545454545,0.0,0.06730483674084932,0.0007399194375542221,0.0,0.01197633462447122,0.0003070887445887446,0.0,0.005504793363820802,8.531359989023658,8.59195398980099,0.20240553840162848,0.703283011015496,0.7046402649863136,0.07016517071959893,0.8833216732705309,0.8914931588340274,0.02498831517421141,0.0,0.0,0.0,0.0,0.0,0.0,1.0,1.0,0.0,rating,ubcf,cosine,False,3,25.0,0.0002542080474086106
"UBCF[cosine,raw,k=200]",val,200,1.0101067853015777,0.8059546987203229,9596,0.0002542080474086106,0.008236374997068197,0.015680708980653435,7121536,0.0624256837098692,105,943,880,1.0,0.09511363636363637,0.1,0.10368077284617003,0.20290380806272976,0.1111111111111111,0.26048907017460066,0.5954545454545455,1.0,0.491082964500446,0.17116654694034136,0.1100458831490401,0.19927031272309653,0.09414347539310339,0.031875,0.1491476072476462,1.8537676810015877,1.8346425311387549,0.1730945226891599,0.7284810716342413,0.7349720823384491,0.05422336657216119,0.015284607518501019,0.012611540749553837,0.00986928823215219,0.9651113467656416,1.0,0.09239766421867779,0.03488865323435843,0.0,0.09239766421867776,0.0,0.0,0.0,score,ubcf,cosine,False,3,25.0,0.0002542080474086106
"UBCF[cosine,raw,k=200]",val,200,1.0101067853015777,0.8059546987203229,9596,0.0002542080474086106,0.007388458005152643,0.01640833297278732,7121536,0.052318668252080855,88,943,880,1.0,0.09465909090909093,0.1,0.10593802107182841,0.19728721731608934,0.1111111111111111,0.26139643940330837,0.5818181818181818,1.0,0.493540863064371,0.16676031785229617,0.1100458831490401,0.1982217793291752,0.09107017507129114,0.031180555555555555,0.14827576127244665,1.875260727826781,1.8681218545658598,0.15874402543654156,0.7120157442493479,0.7144422490730287,0.05768236152410215,0.01656805554942237,0.014158239143367043,0.009780022478518783,0.9577942735949099,1.0,0.10021321266505322,0.042205726405090134,0.0,0.10021321266505322,0.0,0.0,0.0,affinity,ubcf,cosine,False,3,25.0,0.0002542080474086106
"UBCF[cosine,raw,k=300]",val,300,1.0103024235363811,0.8061880220760971,9596,0.0002536249812692404,0.2910319999791682,0.015984041034244,7121536,0.04875148632580262,82,943,880,0.0911983032873807,0.00045454545454545455,0.0,0.006730483674084933,0.0006168831168831168,0.0,0.010400035215821522,0.004545454545454545,0.0,0.06730483674084932,0.0007399194375542221,0.0,0.01197633462447122,0.0003070887445887446,0.0,0.005504793363820802,8.530164751613727,8.582643049361842,0.20242599993540475,0.7036066803318851,0.7046402649863136,0.07006448333198363,0.8832654021649236,0.8913146936347414,0.025023818119643094,0.0,0.0,0.0,0.0,0.0,0.0,1.0,1.0,0.0,rating,ubcf,cosine,False,3,25.0,0.0002536249812692404
"UBCF[cosine,raw,k=300]",val,300,1.0103024235363811,0.8061880220760971,9596,0.0002536249812692404,0.00593562499852851,0.015469542006030679,7121536,0.06183115338882283,104,943,880,1.0,0.09477272727272727,0.1,0.1050269727826794,0.20065894568422116,0.1111111111111111,0.25927044411510103,0.5886363636363636,1.0,0.49236071254585473,0.16946236969965178,0.1100458831490401,0.2003756659375203,0.09361668287895965,0.028571428571428574,0.1503589970558721,1.8310998852754417,1.8022052694297528,0.17344270472462087,0.7302866651822056,0.734452712761434,0.05272657154519197,0.01449737979778991,0.011481261154074957,0.009974579313933736,0.9652173913043479,1.0,0.09180387589465328,0.034782608695652174,0.0,0.09180387589465329,0.0,0.0,0.0,score,ubcf,cosine,False,3,25.0,0.0002536249812692404
"UBCF[cosine,raw,k=300]",val,300,1.0103024235363811,0.8061880220760971,9596,0.0002536249812692404,0.007798333012033254,0.01576729101361707,7121536,0.05291319857312723,89,943,880,1.0,0.0940909090909091,0.1,0.10444758377154609,0.19729304430441313,0.1111111111111111,0.2612168722013959,0.5829545454545455,1.0,0.4933509184769224,0.1676034597192643,0.1100458831490401,0.199429681337634,0.09192497251425823,0.03125,0.14873374255677604,1.8538705736215635,1.8390942760128364,0.15793045077186488,0.7143763738123317,0.7180646286312659,0.058468886556095986,0.015775339503388566,0.013027959547888162,0.009907897841262043,0.958218451749735,1.0,0.09975451289984268,0.041781548250265116,0.0,0.09975451289984268,0.0,0.0,0.0,affinity,ubcf,cosine,False,3,25.0,0.0002536249812692404
"UBCF[pearson,mc,k=5]",val,5,0.9800313472081114,0.7643401777128846,9596,0.11140345898456872,0.7378511659917422,0.015659458003938198,7121536,0.2164090368608799,364,943,880,1.0,0.0029545454545454545,0.0,0.016942591342113886,0.0042546925927607745,0.0,0.03095679243190199,0.029545454545454545,0.0,0.16942591342113886,0.0026496361725991124,0.0,0.016390954342864084,0.0005945579304954306,0.0,0.0042535043484367065,8.059241859384457,8.28491505701185,0.6929618560289542,0.734182801260915,0.7463508097250423,0.08729899610639802,0.8215891162092958,0.8537180249851278,0.0925043589000237,0.029692470837751856,0.0,0.06809986123601182,0.02587486744432662,0.0,0.058362776018489056,0.9444326617179216,1.0,0.1017274963717626,rating,ubcf,pearson,True,3,25.0,0.11140345898456872
"UBCF[pearson,mc,k=5]",val,5,0.9800313472081114,0.7643401777128846,9596,0.11140345898456872,0.00461187498876825,0.016319125017616898,7121536,0.22889417360285375,385,943,880,1.0,0.04352272727272727,0.0,0.07559456813839338,0.06764583788793246,0.0,0.14616099887574782,0.31363636363636366,0.0,0.46423431232747725,0.06471737296747206,0.0,0.12458137644366805,0.030817905708158688,0.0,0.07857006112520838,2.6145092968633348,2.563579230920831,0.34685346513006726,0.7099370998163759,0.7195091978468862,0.094191580762632,0.07778817966127569,0.06989886972040452,0.03799711813086701,0.6092258748674443,0.6,0.1954626904648321,0.32502651113467657,0.3,0.1618935665715685,0.06574761399787911,0.0,0.0951233858032759,score,ubcf,pearson,True,3,25.0,0.11140345898456872
"UBCF[pearson,mc,k=5]",val,5,0.9800313472081114,0.7643401777128846,9596,0.11140345898456872,0.0043793750228360295,0.015733957989141345,7121536,0.24554102259215219,413,943,880,1.0,0.05113636363636364,0.0,0.08122262301604127,0.08714711680703824,0.0,0.1732364988453784,0.35909090909090907,0.0,0.48000672246818044,0.08090446704729636,0.0,0.14319553570579935,0.04017023516056254,0.0,0.10000793194414237,2.4457754424791993,2.427187109592823,0.26452203362401977,0.7163327128859225,0.7295229040041158,0.08277029574903479,0.05863108549612253,0.05502676977989292,0.025385012153820913,0.6957582184517498,0.7,0.17564873045790114,0.27624602332979853,0.3,0.15924420390811928,0.02799575821845175,0.0,0.058292329990348536,affinity,ubcf,pearson,True,3,25.0,0.11140345898456872
"UBCF[pearson,mc,k=10]",val,10,0.949070363642503,0.7398182349729098,9596,0.000424250029027462,0.817677624989301,0.015919916972052306,7121536,0.17776456599286564,299,943,880,1.0,0.0010227272727272728,0.0,0.011139795600610168,0.0010926330613830614,0.0,0.013995059412268565,0.00909090909090909,0.0,0.09496585056102527,0.0008026512741686416,0.0,0.008925351079401478,0.0001711159211159211,0.0,0.002097890125617339,8.299861910793384,8.401907557156083,0.4272850966388018,0.7295641091938029,0.7395599315925445,0.0872326055256267,0.8554060319849506,0.8690065437239738,0.05447139631261848,0.01039236479321315,0.0,0.03740742039859739,0.006680805938494168,0.0,0.030001962472745274,0.9829268292682928,1.0,0.05228455897730908,rating,ubcf,pearson,True,3,25.0,0.000424250029027462
"UBCF[pearson,mc,k=10]",val,10,0.949070363642503,0.7398182349729098,9596,0.000424250029027462,0.004455832997336984,0.01589437498478219,7121536,0.1456599286563615,245,943,880,1.0,0.05227272727272727,0.0,0.08286298122854699,0.08297582064500188,0.0,0.16310721234977368,0.3613636363636364,0.0,0.4806688121576785,0.0773779110793246,0.0,0.13175058170496948,0.03648548946093589,0.0,0.08043628480423491,2.431732937982433,2.4125677539285797,0.272616402555219,0.6946519457654464,0.7029809815958198,0.08689210332629112,0.05777194178842443,0.05342058298631767,0.02551882364482191,0.6952279957582186,0.7,0.17860192478840514,0.2831389183457052,0.3,0.1636302236995302,0.021633085896076355,0.0,0.05211742669499235,score,ubcf,pearson,True,3,25.0,0.000424250029027462
"UBCF[pearson,mc,k=10]",val,10,0.949070363642503,0.7398182349729098,9596,0.000424250029027462,0.0045584579929709435,0.01533154200296849,7121536,0.17063020214030916,287,943,880,1.0,0.055795454545454544,0.0,0.08737378793955188,0.08997800469856235,0.0,0.16901182368651257,0.3715909090909091,0.0,0.4835046646950577,0.08298313919713268,0.0,0.13686493860758842,0.039002462980141546,0.0,0.08486880656929628,2.3308153646510914,2.3083078465191598,0.23189647008121933,0.6972580532882469,0.7042668580787417,0.08227671806800886,0.047084910701161956,0.044259369422962526,0.019134732899198245,0.7591728525980913,0.8,0.16355315213169994,0.2342523860021209,0.2,0.15755445232719575,0.006574761399787911,0.0,0.026049855828081208,affinity,ubcf,pearson,True,3,25.0,0.000424250029027462
"UBCF[pearson,mc,k=20]",val,20,0.9382183928041375,0.731204813752248,9596,0.0002496250090189278,0.7841978749493137,0.016852915985509753,7121536,0.16765755053507728,282,943,880,1.0,0.00034090909090909094,0.0,0.005832095816016594,0.0006470959595959595,0.0,0.012562168720516895,0.003409090909090909,0.0,0.05832095816016595,0.00033237923394949004,0.0,0.005905992054100287,7.312710437710438e-05,0.0,0.0013515216110461126,8.375703493602085,8.443411307083966,0.3366567478451066,0.729231228146095,0.7382627868210662,0.08753876475155484,0.8658752964168805,0.874301011302796,0.04116583247234343,0.0024390243902439024,0.0,0.016107067586106295,0.001166489925768823,0.0,0.011689401313116127,0.9963944856839871,1.0,0.01975812475859424,rating,ubcf,pearson,True,3,25.0,0.0002496250090189278
"UBCF[pearson,mc,k=20]",val,20,0.9382183928041375,0.731204813752248,9596,0.0002496250090189278,0.00554904097225517,0.01759691594634205,7121536,0.09334126040428062,157,943,880,1.0,0.05806818181818181,0.0,0.0887449843739098,0.09637387659307527,0.0,0.17842105826446106,0.3931818181818182,0.0,0.48873439549424497,0.08943141945311991,0.0,0.14809401118544951,0.04437563381834215,0.0,0.10266557232706733,2.290180643801023,2.2640247069173216,0.2379509780898626,0.6773475211267228,0.687060775984335,0.0819146649410466,0.044644246121741143,0.04152290303390839,0.01959728723065414,0.7813361611876989,0.8,0.15737872841674524,0.2149522799575822,0.2,0.1542710165671177,0.003711558854718982,0.0,0.02052934164492827,score,ubcf,pearson,True,3,25.0,0.0002496250090189278
"UBCF[pearson,mc,k=20]",val,20,0.9382183928041375,0.731204813752248,9596,0.0002496250090189278,0.005818208970595151,0.016478375007864088,7121536,0.10523186682520809,177,943,880,1.0,0.06443181818181819,0.0,0.09222762011731561,0.11274815213139723,0.0,0.19353526883213643,0.42045454545454547,0.0,0.4939126808157039,0.10170849520894303,0.0,0.15869702958736986,0.05115443336425479,0.0,0.11024219951258064,2.182637504716567,2.169175702989787,0.2060690137621618,0.6771575816521523,0.6837853620877056,0.07882272047043967,0.0346725898524019,0.03248066627007734,0.014275052154688253,0.8530222693531284,0.9,0.1330233386780723,0.14665959703075293,0.1,0.13237571878654175,0.00031813361611876995,0.0,0.005634342669709343,affinity,ubcf,pearson,True,3,25.0,0.0002496250090189278
"UBCF[pearson,mc,k=30]",val,30,0.9359272962438764,0.7299722613207237,9596,0.00042229099199175835,0.7829621669952758,0.015522625006269664,7121536,0.16646848989298454,280,943,880,1.0,0.00011363636363636364,0.0,0.00337099931231621,0.00012626262626262626,0.0,0.0037455547914624554,0.0011363636363636363,0.0,0.03370999312316211,9.514194772635622e-05,0.0,0.0028223662751501503,2.104377104377104e-05,0.0,0.0006242591319104093,8.388637644377456,8.459761180312253,0.32425493688015705,0.729991628152283,0.7390354124344496,0.08782167256768934,0.8677287732709725,0.8747174301011302,0.039205148719229414,0.0008483563096500531,0.0,0.010268234516056319,0.00031813361611876995,0.0,0.005634342669709343,0.9988335100742313,1.0,0.011689401313116124,rating,ubcf,pearson,True,3,25.0,0.00042229099199175835
"UBCF[pearson,mc,k=30]",val,30,0.9359272962438764,0.7299722613207237,9596,0.00042229099199175835,0.004602207976859063,0.01563787501072511,7121536,0.07609988109393578,128,943,880,1.0,0.061590909090909085,0.0,0.08950484906416273,0.10310144277506339,0.0,0.17826893643348396,0.41704545454545455,0.0,0.4933509184769224,0.0978501689348911,0.0,0.15591091340049684,0.049659117750635605,0.0,0.11171324241695287,2.228537702957099,2.2054889888507723,0.22715170521746647,0.6701619640279017,0.6740574987089094,0.07764504806445013,0.03945229036647504,0.0362879238548483,0.018190003952140675,0.8223753976670203,0.8,0.1448253912780439,0.175609756097561,0.1,0.14402105439323507,0.0020148462354188765,0.0,0.019169923811290533,score,ubcf,pearson,True,3,25.0,0.00042229099199175835
"UBCF[pearson,mc,k=30]",val,30,0.9359272962438764,0.7299722613207237,9596,0.00042229099199175835,0.004348333983216435,0.014888582983985543,7121536,0.08799048751486326,148,943,880,1.0,0.07011363636363636,0.0,0.09707900349529802,0.12041132629055915,0.0,0.19573447374858105,0.45,0.0,0.49777662657649,0.10971406610529363,0.0,0.1628104436510871,0.055756135977118114,0.0,0.11449730289697836,2.1059080217557398,2.097216188503114,0.19495527983334635,0.6789613896289678,0.684802070302726,0.07316641541103384,0.02905368023754986,0.027543129089827485,0.01198549200930058,0.8985153764581126,0.9,0.10775612123460021,0.1014846235418876,0.1,0.10775612123460021,0.0,0.0,0.0,affinity,ubcf,pearson,True,3,25.0,0.00042229099199175835
"UBCF[pearson,mc,k=50]",val,50,0.9358369129676488,0.7320225176196589,9596,0.0002752500004135072,0.7700118329958059,0.015436000016052276,7121536,0.1605231866825208,270,943,880,1.0,0.00011363636363636364,0.0,0.00337099931231621,0.00012626262626262626,0.0,0.0037455547914624554,0.0011363636363636363,0.0,0.03370999312316211,9.514194772635622e-05,0.0,0.0028223662751501503,2.104377104377104e-05,0.0,0.0006242591319104093,8.396594911563051,8.459761180312253,0.3134583753102544,0.7290703251364532,0.7371460638945291,0.08800333391789382,0.86872354800676,0.8750743604997027,0.03765840485403786,0.00031813361611876995,0.0,0.005634342669709343,0.0,0.0,0.0,0.9996818663838812,1.0,0.0056343426697093415,rating,ubcf,pearson,True,3,25.0,0.0002752500004135072
"UBCF[pearson,mc,k=50]",val,50,0.9358369129676488,0.7320225176196589,9596,0.0002752500004135072,0.004765624995343387,0.015900125028565526,7121536,0.0624256837098692,105,943,880,1.0,0.0646590909090909,0.0,0.09292918589921904,0.10845137157399987,0.0,0.18450599130021095,0.4284090909090909,0.0,0.49512960430524494,0.10653735488725227,0.0,0.1660300509350976,0.05627081472319567,0.0,0.12315917515585582,2.1418521759464886,2.107825941594148,0.21688449623296902,0.6637672813860226,0.6633864401029499,0.07388033604302481,0.03252646539863221,0.02861392028554432,0.0168380382879023,0.8804878048780489,0.9,0.12449889199515526,0.11717921527041358,0.1,0.12235176356459501,0.002332979851537646,0.0,0.02596068079361886,score,ubcf,pearson,True,3,25.0,0.0002752500004135072
"UBCF[pearson,mc,k=50]",val,50,0.9358369129676488,0.7320225176196589,9596,0.0002752500004135072,0.0056794589618220925,0.016303292009979486,7121536,0.06420927467300833,108,943,880,1.0,0.07681818181818181,0.0,0.10032422359377553,0.13906858229167537,0.0,0.21622876864445553,0.48977272727272725,0.0,0.5001796657241577,0.12505842814606116,0.0,0.17343618539833874,0.06491827018054697,0.0,0.12246016995180647,2.007653465632655,2.008453637071362,0.1812868436706439,0.6819729152415728,0.6835967322800598,0.06791997272911036,0.022762986986360565,0.02147531231409875,0.009401161348848469,0.9464475079533405,1.0,0.07433783524619858,0.0535524920466596,0.0,0.07433783524619861,0.0,0.0,0.0,affinity,ubcf,pearson,True,3,25.0,0.0002752500004135072
"UBCF[pearson,mc,k=80]",val,80,0.9370255342018508,0.7337636569648625,9596,0.0002470420440658927,0.6937136659980752,0.016318209003657103,7121536,0.15992865636147444,269,943,880,1.0,0.00011363636363636364,0.0,0.00337099931231621,0.00012626262626262626,0.0,0.0037455547914624554,0.0011363636363636363,0.0,0.03370999312316211,9.514194772635622e-05,0.0,0.0028223662751501503,2.104377104377104e-05,0.0,0.0006242591319104093,8.398114338445183,8.459761180312253,0.30957890775206437,0.7290325623663404,0.7371460638945291,0.08809360906365182,0.8689615016058083,0.8749553837001784,0.03722447823561208,0.0,0.0,0.0,0.0,0.0,0.0,1.0,1.0,0.0,rating,ubcf,pearson,True,3,25.0,0.0002470420440658927
"UBCF[pearson,mc,k=80]",val,80,0.9370255342018508,0.7337636569648625,9596,0.0002470420440658927,0.005885625025257468,0.016744041990023106,7121536,0.06718192627824018,113,943,880,1.0,0.06931818181818182,0.0,0.09665386272598285,0.11735513014812132,0.0,0.19314530489341059,0.45,0.0,0.49777662657649,0.1140421157637135,0.0,0.17087207303306773,0.06042434996936485,0.0,0.12583926865561404,2.0577247274637522,2.0360221432866896,0.1924756365184591,0.6591461840585626,0.6577649391133268,0.06587836315357677,0.0262484520714643,0.023081499107674004,0.014870967756769818,0.930965005302227,1.0,0.09955219184658684,0.06585365853658537,0.0,0.09158018196733343,0.003181336161187699,0.0,0.031088804921043895,score,ubcf,pearson,True,3,25.0,0.0002470420440658927
"UBCF[pearson,mc,k=80]",val,80,0.9370255342018508,0.7337636569648625,9596,0.0002470420440658927,0.005994791979901493,0.01629299996420741,7121536,0.0558858501783591,94,943,880,1.0,0.0796590909090909,0.0,0.10355401072304753,0.15160824930401143,0.0,0.23193508510573477,0.49772727272727274,0.0,0.5002791650082571,0.1348016255872713,0.0,0.1808666571461077,0.0713840887259786,0.0,0.12857176416427718,1.9095431830763783,1.899168562817005,0.17445937482140755,0.6934146216129529,0.6976434060146834,0.06072333326681196,0.017428650193700036,0.016061867935752525,0.007849650007632953,0.9775185577942737,1.0,0.051344899969784905,0.022481442205726405,0.0,0.05134489996978492,0.0,0.0,0.0,affinity,ubcf,pearson,True,3,25.0,0.0002470420440658927
"UBCF[pearson,mc,k=120]",val,120,0.9377559699117071,0.7356293082437533,9596,0.0002926659653894603,0.5832674579578452,0.016277417016681284,7121536,0.1611177170035672,271,943,880,1.0,0.00011363636363636364,0.0,0.00337099931231621,0.00012626262626262626,0.0,0.0037455547914624554,0.0011363636363636363,0.0,0.03370999312316211,9.514194772635622e-05,0.0,0.0028223662751501503,2.104377104377104e-05,0.0,0.0006242591319104093,8.397792158808208,8.46565054921761,0.3113543389689945,0.7291761149869171,0.7371460638945291,0.08772039662783211,0.8689025809638382,0.8754312908982749,0.03745614007544461,0.0,0.0,0.0,0.0,0.0,0.0,1.0,1.0,0.0,rating,ubcf,pearson,True,3,25.0,0.0002926659653894603
"UBCF[pearson,mc,k=120]",val,120,0.9377559699117071,0.7356293082437533,9596,0.0002926659653894603,0.005999999993946403,0.016445124987512827,7121536,0.07491082045184304,126,943,880,1.0,0.07090909090909091,0.0,0.09900111310019219,0.12068907384603562,0.0,0.19739112400414913,0.45227272727272727,0.0,0.49799992980505664,0.11579840284448195,0.0,0.17210878174172803,0.061268621411106526,0.0,0.12651423498021414,1.9953198593686314,1.9755759273299442,0.1766218803187354,0.6685004076352942,0.666583369170485,0.06091046473260235,0.022147095950436006,0.01957168352171327,0.01408508844597291,0.9687168610816543,1.0,0.07463390765515168,0.02799575821845175,0.0,0.061310112691903625,0.003287380699893955,0.0,0.031248084779193303,score,ubcf,pearson,True,3,25.0,0.0002926659653894603
"UBCF[pearson,mc,k=120]",val,120,0.9377559699117071,0.7356293082437533,9596,0.0002926659653894603,0.005739499989431351,0.016133375000208616,7121536,0.04994054696789536,84,943,880,1.0,0.08397727272727273,0.1,0.10420116814089855,0.1620179264066872,0.067816091954023,0.23761784924703458,0.5227272727272727,1.0,0.49976724337322015,0.14400412573260696,0.07336392209936006,0.18916133894025922,0.0774644056065187,0.014285714285714285,0.1389890212383515,1.8334060517515536,1.824600138854334,0.14728629521642114,0.7030196381240567,0.7062774573050622,0.058009976962477464,0.013682331945270671,0.01290898274836407,0.0058088533315095985,0.9897136797454931,1.0,0.037578265016170787,0.010286320254506895,0.0,0.03757826501617079,0.0,0.0,0.0,affinity,ubcf,pearson,True,3,25.0,0.0002926659653894603
"UBCF[pearson,mc,k=200]",val,200,0.9377630470389207,0.7383837848460364,9596,0.00037754199001938105,0.37114062503678724,0.015313124982640147,7121536,0.1605231866825208,270,943,880,1.0,0.00011363636363636364,0.0,0.00337099931231621,0.00012626262626262626,0.0,0.0037455547914624554,0.0011363636363636363,0.0,0.03370999312316211,9.514194772635622e-05,0.0,0.0028223662751501503,2.104377104377104e-05,0.0,0.0006242591319104093,8.39767196802078,8.46565054921761,0.3106060434906493,0.7294504129049447,0.739607791839503,0.08821816125082022,0.8689226417391557,0.8754312908982749,0.03736171441845635,0.0,0.0,0.0,0.0,0.0,0.0,1.0,1.0,0.0,rating,ubcf,pearson,True,3,25.0,0.00037754199001938105
"UBCF[pearson,mc,k=200]",val,200,0.9377630470389207,0.7383837848460364,9596,0.00037754199001938105,0.005516292003449053,0.016398417006712407,7121536,0.1248513674197384,210,943,880,1.0,0.07454545454545454,0.0,0.10022624112719745,0.1306908787108084,0.0,0.20327738564683265,0.475,0.0,0.49965858650850015,0.12414522824433678,0.0,0.1773773078676798,0.06608861360200646,0.0,0.13056225782313743,1.9350045644419505,1.90368517462814,0.21182196820841498,0.673401898740733,0.6687823150195793,0.061810213373861965,0.020501796953411686,0.01635930993456276,0.017565539873841258,0.9556733828207847,1.0,0.09680209088820249,0.03902439024390244,0.0,0.08010013928320833,0.005302226935312832,0.0,0.03676817928283026,score,ubcf,pearson,True,3,25.0,0.00037754199001938105
"UBCF[pearson,mc,k=200]",val,200,0.9377630470389207,0.7383837848460364,9596,0.00037754199001938105,0.005957166024018079,0.016273458022624254,7121536,0.04994054696789536,84,943,880,1.0,0.08340909090909092,0.1,0.10262633507005933,0.16321245148262487,0.06666666666666667,0.23785275148802365,0.525,1.0,0.49965858650850015,0.14380567452453932,0.07336392209936006,0.18831912796150918,0.07740478677792666,0.014285714285714285,0.13780493932496024,1.7900128384330551,1.7771109024624514,0.12284611882224022,0.706096140339225,0.7091750879122767,0.057521020042874245,0.011891686953493696,0.011124330755502676,0.004660010410344677,0.991728525980912,1.0,0.03410179750464616,0.008271474019088019,0.0,0.03410179750464616,0.0,0.0,0.0,affinity,ubcf,pearson,True,3,25.0,0.00037754199001938105
"UBCF[pearson,mc,k=300]",val,300,0.9386563235558951,0.7405024124115994,9596,0.0002524169976823032,0.3421785000246018,0.016066415992099792,7121536,0.16171224732461356,272,943,880,1.0,0.00011363636363636364,0.0,0.00337099931231621,0.00012626262626262626,0.0,0.0037455547914624554,0.0011363636363636363,0.0,0.03370999312316211,9.514194772635622e-05,0.0,0.0028223662751501503,2.104377104377104e-05,0.0,0.0006242591319104093,8.396810685753929,8.46565054921761,0.31075158650830786,0.7295305864540459,0.7371460638945291,0.08849975713066979,0.8688245458095374,0.8750743604997027,0.03739697043481538,0.0,0.0,0.0,0.0,0.0,0.0,1.0,1.0,0.0,rating,ubcf,pearson,True,3,25.0,0.0002524169976823032
"UBCF[pearson,mc,k=300]",val,300,0.9386563235558951,0.7405024124115994,9596,0.0002524169976823032,0.0060827500419691205,0.016764833009801805,7121536,0.18906064209274673,318,943,880,1.0,0.07590909090909091,0.0,0.10313224623294123,0.1326478021511078,0.0,0.20530389205969524,0.4727272727272727,0.0,0.4995395542530298,0.1215917485540299,0.0,0.16913830528822157,0.06237581133042442,0.0,0.1170517938420756,2.0574840941758836,2.002626343133909,0.26802280930326383,0.6810092030834882,0.68254207406956,0.07052302837554315,0.029559615514423255,0.022367638310529445,0.025218710361194857,0.9071049840933193,1.0,0.1519246537978877,0.08218451749734888,0.0,0.12534749954084318,0.010710498409331921,0.0,0.05295737947075458,score,ubcf,pearson,True,3,25.0,0.0002524169976823032
"UBCF[pearson,mc,k=300]",val,300,0.9386563235558951,0.7405024124115994,9596,0.0002524169976823032,0.004425040970090777,0.015258083993103355,7121536,0.04994054696789536,84,943,880,1.0,0.08329545454545456,0.1,0.10210772592035296,0.16343551545568882,0.06666666666666667,0.23836154953187214,0.525,1.0,0.49965858650850015,0.14359082730975545,0.07336392209936006,0.187545941454345,0.07721334643916489,0.014285714285714285,0.13740986501940228,1.788984423064489,1.7762094367963346,0.12195424858847369,0.7060387049196628,0.7085905796650745,0.05758075003120952,0.011859892517141554,0.011124330755502676,0.0046415055500857606,0.991728525980912,1.0,0.03410179750464616,0.008271474019088019,0.0,0.03410179750464616,0.0,0.0,0.0,affinity,ubcf,pearson,True,3,25.0,0.0002524169976823032
"UBCF[pearson,raw,k=5]",val,5,1.055091623879853,0.8324107131716465,9596,0.0005167080089449883,0.750886833993718,0.01491637498838827,7121536,0.2877526753864447,484,943,880,0.44220572640509015,0.006590909090909092,0.0,0.026165064709107285,0.009136256900214409,0.0,0.044420069338224864,0.0625,0.0,0.24219911138630132,0.010230630191494014,0.0,0.04669406932131116,0.0043229429713804715,0.0,0.025631296813247214,7.020282395391108,7.121433951994677,0.9366775429694613,0.7313643317281774,0.7408392688573688,0.09074685913651599,0.6789482349987352,0.6900059488399762,0.12648414749415055,0.11007423117709439,0.1,0.1135898253000504,0.06988335100742313,0.1,0.08335256997892844,0.8200424178154825,0.8,0.1419877028230227,rating,ubcf,pearson,False,3,25.0,0.0005167080089449883
"UBCF[pearson,raw,k=5]",val,5,1.055091623879853,0.8324107131716465,9596,0.0005167080089449883,0.006251542014069855,0.014693624980282038,7121536,0.21105826397146255,355,943,880,1.0,0.05863636363636363,0.0,0.0868770765794893,0.10099395961647724,0.0,0.19203652613951092,0.4,0.0,0.49017653711970155,0.09263655231311405,0.0,0.15708548721521967,0.047342162054215625,0.0,0.11527287566589751,2.36807135748434,2.3452404650713143,0.26351497499318455,0.7030622453785738,0.7139018287065068,0.08396933376490992,0.051790613449677426,0.04818560380725758,0.02409567006516722,0.7423117709437964,0.8,0.17564488499705594,0.2388123011664899,0.2,0.1617298663124343,0.018875927889713682,0.0,0.04924060779490623,score,ubcf,pearson,False,3,25.0,0.0005167080089449883
"UBCF[pearson,raw,k=5]",val,5,1.055091623879853,0.8324107131716465,9596,0.0005167080089449883,0.00609770801384002,0.015464166994206607,7121536,0.24554102259215219,413,943,880,1.0,0.05113636363636364,0.0,0.08122262301604127,0.08714711680703824,0.0,0.1732364988453784,0.35909090909090907,0.0,0.48000672246818044,0.08090446704729636,0.0,0.14319553570579935,0.04017023516056254,0.0,0.10000793194414237,2.4457754424791993,2.427187109592823,0.26452203362401977,0.7163327128859225,0.7295229040041158,0.08277029574903479,0.05863108549612253,0.05502676977989292,0.025385012153820913,0.6957582184517498,0.7,0.17564873045790114,0.27624602332979853,0.3,0.15924420390811928,0.02799575821845175,0.0,0.058292329990348536,affinity,ubcf,pearson,False,3,25.0,0.0005167080089449883
"UBCF[pearson,raw,k=10]",val,10,1.0307249332695334,0.8123119813863235,9596,0.00034983298974111676,0.7422585829626769,0.01571245800005272,7121536,0.2205707491082045,371,943,880,0.7794273594909862,0.006022727272727273,0.0,0.02519727727527485,0.010213860085895659,0.0,0.0562869710086264,0.056818181818181816,0.0,0.23162651596911282,0.00616343315891542,0.0,0.028530447641276272,0.0016584345438512107,0.0,0.010038321673444688,7.256961278242657,7.400915949957861,1.049215825137049,0.728536888453505,0.7371460638945291,0.08809277296208998,0.7116003641219973,0.7289708506841166,0.1416506687126235,0.10349946977730647,0.1,0.1158301145884715,0.05121951219512195,0.0,0.07789765156878381,0.8452810180275716,0.9,0.1500053096378825,rating,ubcf,pearson,False,3,25.0,0.00034983298974111676
"UBCF[pearson,raw,k=10]",val,10,1.0307249332695334,0.8123119813863235,9596,0.00034983298974111676,0.008153709000907838,0.015852332988288254,7121536,0.15041617122473247,253,943,880,1.0,0.06693181818181818,0.0,0.09412621877849377,0.11391658207346544,0.0,0.19252046470314674,0.4340909090909091,0.0,0.49591880772315206,0.10565427888944086,0.0,0.16097571275324143,0.05371018826301564,0.0,0.11228635746246658,2.2026443546777346,2.186428468850081,0.22095918377147972,0.6942899508069886,0.7016384082396555,0.08013446722921069,0.03726364716250427,0.03396787626412849,0.016907546209055768,0.8446447507953341,0.9,0.14280499075233827,0.15217391304347827,0.1,0.13935338800957137,0.003181336161187699,0.0,0.017559604031816303,score,ubcf,pearson,False,3,25.0,0.00034983298974111676
"UBCF[pearson,raw,k=10]",val,10,1.0307249332695334,0.8123119813863235,9596,0.00034983298974111676,0.007357291993685067,0.016395917045883834,7121536,0.17063020214030916,287,943,880,1.0,0.055795454545454544,0.0,0.08737378793955188,0.08997800469856235,0.0,0.16901182368651257,0.3715909090909091,0.0,0.4835046646950577,0.08298313919713268,0.0,0.13686493860758842,0.039002462980141546,0.0,0.08486880656929628,2.3308153646510914,2.3083078465191598,0.23189647008121933,0.6972580532882469,0.7042668580787417,0.08227671806800886,0.047084910701161956,0.044259369422962526,0.019134732899198245,0.7591728525980913,0.8,0.16355315213169994,0.2342523860021209,0.2,0.15755445232719575,0.006574761399787911,0.0,0.026049855828081208,affinity,ubcf,pearson,False,3,25.0,0.00034983298974111676
"UBCF[pearson,raw,k=20]",val,20,1.0501313420184706,0.8203948137344522,9596,0.0002699160249903798,0.7784401249955408,0.01449583302019164,7121536,0.17776456599286564,299,943,880,0.8027571580063627,0.006931818181818182,0.0,0.02714549994638003,0.013929404642349305,0.0,0.07248053877553727,0.06477272727272727,0.0,0.24626436433091814,0.007520940020307908,0.0,0.03225149481812476,0.0020429054934263265,0.0,0.010453063142024401,7.376030844741184,7.593540630346892,1.0843761172507986,0.7188578219041921,0.7301444408128374,0.09560733930840866,0.72828979367051,0.7555026769779893,0.1459523885856292,0.09777306468716862,0.1,0.12000231524590231,0.04294803817603393,0.0,0.06717379662601729,0.8592788971367974,0.9,0.15035806396468077,rating,ubcf,pearson,False,3,25.0,0.0002699160249903798
"UBCF[pearson,raw,k=20]",val,20,1.0501313420184706,0.8203948137344522,9596,0.0002699160249903798,0.005542875034734607,0.01422141696093604,7121536,0.10225921521997622,172,943,880,1.0,0.07363636363636364,0.0,0.09953454609415886,0.1334820830001103,0.0,0.21548263241561202,0.46704545454545454,0.0,0.4991965309811287,0.11860365563479507,0.0,0.17384286233834625,0.06188349087530635,0.0,0.13061507504576747,2.0668944146394543,2.0447895026842966,0.18793686603992535,0.6878173144085943,0.6939475959548822,0.06924534741064842,0.027038013907542537,0.02462819750148721,0.0118166525906559,0.9199363732767762,1.0,0.10489705894324834,0.08006362672322376,0.0,0.10489705894324834,0.0,0.0,0.0,score,ubcf,pearson,False,3,25.0,0.0002699160249903798
"UBCF[pearson,raw,k=20]",val,20,1.0501313420184706,0.8203948137344522,9596,0.0002699160249903798,0.0057192909880541265,0.014528999978210777,7121536,0.10523186682520809,177,943,880,1.0,0.06443181818181819,0.0,0.09222762011731561,0.11274815213139723,0.0,0.19353526883213643,0.42045454545454547,0.0,0.4939126808157039,0.10170849520894303,0.0,0.15869702958736986,0.05115443336425479,0.0,0.11024219951258064,2.182637504716567,2.169175702989787,0.2060690137621618,0.6771575816521523,0.6837853620877056,0.07882272047043967,0.0346725898524019,0.03248066627007734,0.014275052154688253,0.8530222693531284,0.9,0.1330233386780723,0.14665959703075293,0.1,0.13237571878654175,0.00031813361611876995,0.0,0.005634342669709343,affinity,ubcf,pearson,False,3,25.0,0.0002699160249903798
"UBCF[pearson,raw,k=30]",val,30,1.0831964705037123,0.8398134255235616,9596,0.0002496669767424464,0.8123759579611942,0.014374749967828393,7121536,0.15933412604042807,268,943,880,0.809119830328738,0.005454545454545455,0.0,0.02417743901336126,0.01137286971921359,0.0,0.06250938241709306,0.05113636363636364,0.0,0.2204010813809821,0.006258025067623443,0.0,0.03044273123954154,0.0018056699005359722,0.0,0.011022164309181192,7.428032903381186,7.696922702211024,1.0972761219390612,0.7174165322847581,0.726457753849811,0.09263423390297318,0.7350252305254346,0.7742415229030339,0.14826516841932044,0.0975609756097561,0.1,0.12166742391601491,0.04411452810180276,0.0,0.06930681678164469,0.8583244962884412,0.9,0.15785233466290738,rating,ubcf,pearson,False,3,25.0,0.0002496669767424464
"UBCF[pearson,raw,k=30]",val,30,1.0831964705037123,0.8398134255235616,9596,0.0002496669767424464,0.007813000003807247,0.015427375037688762,7121536,0.0850178359096314,143,943,880,1.0,0.07727272727272727,0.0,0.103221458827704,0.14431274556110898,0.0,0.22588438855024623,0.48068181818181815,0.0,0.49991078943520767,0.12615622385655959,0.0,0.1772462900705843,0.06608229241822992,0.0,0.1287461855161244,1.999096397363668,1.9866126513230014,0.17697419227254996,0.6925954038882636,0.6935539060142637,0.06255395907783534,0.02263170876800975,0.020582986317668053,0.009794369929503053,0.9509013785790033,1.0,0.08201764237356425,0.049098621420996816,0.0,0.08201764237356428,0.0,0.0,0.0,score,ubcf,pearson,False,3,25.0,0.0002496669767424464
"UBCF[pearson,raw,k=30]",val,30,1.0831964705037123,0.8398134255235616,9596,0.0002496669767424464,0.006994916999246925,0.016276667010970414,7121536,0.08799048751486326,148,943,880,1.0,0.07011363636363636,0.0,0.09707900349529802,0.12041132629055915,0.0,0.19573447374858105,0.45,0.0,0.49777662657649,0.10971406610529363,0.0,0.1628104436510871,0.055756135977118114,0.0,0.11449730289697836,2.1059080217557398,2.097216188503114,0.19495527983334635,0.6789613896289678,0.684802070302726,0.07316641541103384,0.02905368023754986,0.027543129089827485,0.01198549200930058,0.8985153764581126,0.9,0.10775612123460021,0.1014846235418876,0.1,0.10775612123460021,0.0,0.0,0.0,affinity,ubcf,pearson,False,3,25.0,0.0002496669767424464
"UBCF[pearson,raw,k=50]",val,50,1.1751017453341324,0.9024392066500683,9596,0.0003248749999329448,0.7620587919955142,0.014485916995909065,7121536,0.14387633769322236,242,943,880,0.8154825026511134,0.006136363636363637,0.0,0.02494279316790025,0.012324585850030514,0.0,0.06433277396160217,0.05909090909090909,0.0,0.23592885858006113,0.006766169561815219,0.0,0.030373597091723693,0.0018435395622895623,0.0,0.010020174724546535,7.480253334512489,7.824182025636889,1.1232484775089298,0.7015399133609138,0.7136277478678192,0.0973390854669302,0.7426408812105606,0.7917906008328377,0.1516111575425149,0.10042417815482503,0.0,0.13065176453517596,0.05535524920466596,0.0,0.08351650352128522,0.8442205726405091,0.9,0.17829697464812425,rating,ubcf,pearson,False,3,25.0,0.0003248749999329448
"UBCF[pearson,raw,k=50]",val,50,1.1751017453341324,0.9024392066500683,9596,0.0003248749999329448,0.0058079580194316804,0.014717834012117237,7121536,0.0713436385255648,120,943,880,1.0,0.0828409090909091,0.1,0.10401987278010169,0.15801276649489945,0.07142857142857142,0.23266285600255085,0.5170454545454546,1.0,0.49999353600124075,0.13883145534361332,0.07336392209936006,0.18624883579462484,0.07404008605757118,0.014285714285714285,0.13945915212878776,1.9112547614484479,1.9058633358226935,0.1621952774748215,0.6981492986179008,0.7023066838534548,0.058689610381712415,0.017521068545398227,0.016180844735276624,0.007225044083118534,0.9804878048780488,1.0,0.04767387006751749,0.01951219512195122,0.0,0.0476738700675175,0.0,0.0,0.0,score,ubcf,pearson,False,3,25.0,0.0003248749999329448
"UBCF[pearson,raw,k=50]",val,50,1.1751017453341324,0.9024392066500683,9596,0.0003248749999329448,0.005726750008761883,0.015080791024956852,7121536,0.06420927467300833,108,943,880,1.0,0.07681818181818181,0.0,0.10032422359377553,0.13906858229167537,0.0,0.21622876864445553,0.48977272727272725,0.0,0.5001796657241577,0.12505842814606116,0.0,0.17343618539833874,0.06491827018054697,0.0,0.12246016995180647,2.007653465632655,2.008453637071362,0.1812868436706439,0.6819729152415728,0.6835967322800598,0.06791997272911036,0.022762986986360565,0.02147531231409875,0.009401161348848469,0.9464475079533405,1.0,0.07433783524619858,0.0535524920466596,0.0,0.07433783524619861,0.0,0.0,0.0,affinity,ubcf,pearson,False,3,25.0,0.0003248749999329448
"UBCF[pearson,raw,k=80]",val,80,1.2784869854090442,0.9841822977344791,9596,0.00024937500711530447,0.6596155419829302,0.014040541020222008,7121536,0.13317479191438764,224,943,880,0.8154825026511134,0.006136363636363637,0.0,0.024482438654298205,0.013465754738234975,0.0,0.07366631566738262,0.060227272727272727,0.0,0.23804272650546443,0.007090822906861465,0.0,0.032172039231362574,0.0019766940235690237,0.0,0.010971033215604711,7.53026193842615,7.867161238456632,1.14564529234356,0.6860668349538533,0.6989760779562544,0.09982758894259645,0.7506786282719409,0.7975014872099941,0.15346410705405952,0.11908801696712619,0.1,0.15494816506941161,0.02205726405090138,0.0,0.051734346204625144,0.8588547189819725,0.9,0.17583154906924334,rating,ubcf,pearson,False,3,25.0,0.00024937500711530447
"UBCF[pearson,raw,k=80]",val,80,1.2784869854090442,0.9841822977344791,9596,0.00024937500711530447,0.007955749984830618,0.016427542024757713,7121536,0.06302021403091558,106,943,880,1.0,0.0830681818181818,0.1,0.10207024232148393,0.16174104277927012,0.07417582417582418,0.23744432257885073,0.525,1.0,0.49965858650850015,0.14504174867106007,0.07336392209936006,0.19296403913462157,0.07929188837782587,0.014285714285714285,0.14701753827185177,1.8323950715590784,1.8248680298027764,0.1529351681114704,0.7083336943310334,0.7112655792793312,0.05602051436367627,0.013653250129480318,0.012849494348602022,0.005793078087038072,0.9931071049840933,1.0,0.030306225184309695,0.006892895015906682,0.0,0.030306225184309706,0.0,0.0,0.0,score,ubcf,pearson,False,3,25.0,0.00024937500711530447
"UBCF[pearson,raw,k=80]",val,80,1.2784869854090442,0.9841822977344791,9596,0.00024937500711530447,0.007721750007476658,0.015862083004321903,7121536,0.0558858501783591,94,943,880,1.0,0.0796590909090909,0.0,0.10355401072304753,0.15160824930401143,0.0,0.23193508510573477,0.49772727272727274,0.0,0.5002791650082571,0.1348016255872713,0.0,0.1808666571461077,0.0713840887259786,0.0,0.12857176416427718,1.9095431830763783,1.899168562817005,0.17445937482140755,0.6934146216129529,0.6976434060146834,0.06072333326681196,0.017428650193700036,0.016061867935752525,0.007849650007632953,0.9775185577942737,1.0,0.051344899969784905,0.022481442205726405,0.0,0.05134489996978492,0.0,0.0,0.0,affinity,ubcf,pearson,False,3,25.0,0.00024937500711530447
"UBCF[pearson,raw,k=120]",val,120,1.403242164258907,1.0904669309230408,9596,0.0002732080174610019,0.5780559999984689,0.013321290956810117,7121536,0.13317479191438764,224,943,880,0.8154825026511134,0.006136363636363637,0.0,0.025394803790772386,0.013196139568051622,0.0,0.07243726724507563,0.05795454545454545,0.0,0.23379034923801975,0.006917883867199432,0.0,0.031364208358593035,0.0018781715969215969,0.0,0.010041313419133537,7.56990352531635,7.948157980967542,1.1469216011762948,0.6831320183461392,0.6914055256455971,0.1000813191889481,0.7580399234662496,0.8058298631766807,0.15067859649344553,0.12799575821845174,0.1,0.16766446114750147,0.0005302226935312832,0.0,0.007266162791498898,0.871474019088017,0.9,0.1679230282973598,rating,ubcf,pearson,False,3,25.0,0.0002732080174610019
"UBCF[pearson,raw,k=120]",val,120,1.403242164258907,1.0904669309230408,9596,0.0002732080174610019,0.009078999981284142,0.01585270802024752,7121536,0.04994054696789536,84,943,880,1.0,0.0830681818181818,0.1,0.10295804677638294,0.16146399283442187,0.06904761904761905,0.2336665744021125,0.5204545454545455,1.0,0.4998655316131542,0.14689075111493263,0.07324038027163501,0.19513862349088146,0.08101682177500628,0.013194444444444444,0.14928642098163325,1.77344539579772,1.7625453008866614,0.13664797453441807,0.7172579857462121,0.7215298881633354,0.05420913497556347,0.010976524476984674,0.010172516359309934,0.004386411678168074,0.9992576882290561,1.0,0.008588269153280682,0.0007423117709437965,0.0,0.008588269153280686,0.0,0.0,0.0,score,ubcf,pearson,False,3,25.0,0.0002732080174610019
"UBCF[pearson,raw,k=120]",val,120,1.403242164258907,1.0904669309230408,9596,0.0002732080174610019,0.007943250006064773,0.015648792032152414,7121536,0.04994054696789536,84,943,880,1.0,0.08397727272727273,0.1,0.10420116814089855,0.1620179264066872,0.067816091954023,0.23761784924703458,0.5227272727272727,1.0,0.49976724337322015,0.14400412573260696,0.07336392209936006,0.18916133894025922,0.0774644056065187,0.014285714285714285,0.1389890212383515,1.8334060517515536,1.824600138854334,0.14728629521642114,0.7030196381240567,0.7062774573050622,0.058009976962477464,0.013682331945270671,0.01290898274836407,0.0058088533315095985,0.9897136797454931,1.0,0.037578265016170787,0.010286320254506895,0.0,0.03757826501617079,0.0,0.0,0.0,affinity,ubcf,pearson,False,3,25.0,0.0002732080174610019
"UBCF[pearson,raw,k=200]",val,200,1.5803503064943554,1.2591423983872616,9596,0.0004540000227279961,0.45318108302308246,0.011886540974956006,7121536,0.15933412604042807,268,943,880,0.8154825026511134,0.004090909090909091,0.0,0.019819226460980638,0.011276310495060494,0.0,0.07451560137348305,0.04090909090909091,0.0,0.19819226460980638,0.005538229260006911,0.0,0.031197427786995333,0.0017253186628186628,0.0,0.012092883750903755,7.8272636143221295,8.248658049073379,0.9437501624450882,0.6943262989090802,0.7030539317134159,0.09837721738993697,0.7956234706024478,0.8509815585960737,0.11910058964493316,0.07910922587486743,0.0,0.12380405272468323,0.0,0.0,0.0,0.9208907741251325,1.0,0.12380405272468323,rating,ubcf,pearson,False,3,25.0,0.0004540000227279961
"UBCF[pearson,raw,k=200]",val,200,1.5803503064943554,1.2591423983872616,9596,0.0004540000227279961,0.006014666985720396,0.014970125048421323,7121536,0.03804994054696789,64,943,880,1.0,0.07863636363636364,0.1,0.09913369717824064,0.15652351294408012,0.05555555555555555,0.23100692016542573,0.5056818181818182,1.0,0.5002520308025348,0.14192743361429674,0.06362078819895173,0.19300526895334477,0.07908175236635057,0.01,0.14893981295153158,1.678766962040912,1.6656400400503415,0.1017916062223085,0.7141889767815388,0.715024838022865,0.04931051081151088,0.007631043229709125,0.006960142772159429,0.002703326347697874,0.999575821845175,1.0,0.006502516966387974,0.00042417815482502654,0.0,0.0065025169663879764,0.0,0.0,0.0,score,ubcf,pearson,False,3,25.0,0.0004540000227279961
"UBCF[pearson,raw,k=200]",val,200,1.5803503064943554,1.2591423983872616,9596,0.0004540000227279961,0.005968457960989326,0.015172250044997782,7121536,0.04994054696789536,84,943,880,1.0,0.08340909090909092,0.1,0.10262633507005933,0.16321245148262487,0.06666666666666667,0.23785275148802365,0.525,1.0,0.49965858650850015,0.14380567452453932,0.07336392209936006,0.18831912796150918,0.07740478677792666,0.014285714285714285,0.13780493932496024,1.7900128384330551,1.7771109024624514,0.12284611882224022,0.706096140339225,0.7091750879122767,0.057521020042874245,0.011891686953493696,0.011124330755502676,0.004660010410344677,0.991728525980912,1.0,0.03410179750464616,0.008271474019088019,0.0,0.03410179750464616,0.0,0.0,0.0,affinity,ubcf,pearson,False,3,25.0,0.0004540000227279961
"UBCF[pearson,raw,k=300]",val,300,1.6644680909817333,1.342814922330373,9596,0.0004042079672217369,0.26265975000569597,0.012232250010129064,7121536,0.18014268727705113,303,943,880,0.8154825026511134,0.0018181818181818182,0.0,0.013368451012355495,0.0046754807692307694,0.0,0.04096917693822814,0.01818181818181818,0.0,0.13368451012355495,0.002498209163479789,0.0,0.01966072570481091,0.0007588834776334776,0.0,0.006616503867025586,8.16282708941509,8.365650549217609,0.5412377471133697,0.695420530639127,0.7003822495852248,0.10255565467938531,0.8393283299152211,0.8649018441403926,0.06575639043107646,0.024708377518557794,0.0,0.05145747119352325,0.0,0.0,0.0,0.9752916224814423,1.0,0.051457471193523244,rating,ubcf,pearson,False,3,25.0,0.0004042079672217369
"UBCF[pearson,raw,k=300]",val,300,1.6644680909817333,1.342814922330373,9596,0.0004042079672217369,0.005828541005030274,0.014669249998405576,7121536,0.19143876337693222,322,943,880,1.0,0.08022727272727273,0.1,0.10060089398055382,0.15760792844381333,0.05555555555555555,0.23728295311509018,0.5079545454545454,1.0,0.5002210184794076,0.13555538867168943,0.0670988121863399,0.18514293807298834,0.07236468783641403,0.01111111111111111,0.13880832586760122,1.777946092246091,1.7328304624398192,0.2471810102588806,0.7469005723347969,0.7524310168212168,0.054326203528750436,0.016520742400088825,0.010350981558596073,0.026186955040148615,0.9622481442205727,1.0,0.10565755049646647,0.027465535524920464,0.0,0.07499924012286367,0.010286320254506893,0.0,0.05927931198699125,score,ubcf,pearson,False,3,25.0,0.0004042079672217369
"UBCF[pearson,raw,k=300]",val,300,1.6644680909817333,1.342814922330373,9596,0.0004042079672217369,0.005756166996434331,0.014614916988648474,7121536,0.04994054696789536,84,943,880,1.0,0.08329545454545456,0.1,0.10210772592035296,0.16343551545568882,0.06666666666666667,0.23836154953187214,0.525,1.0,0.49965858650850015,0.14359082730975545,0.07336392209936006,0.187545941454345,0.07721334643916489,0.014285714285714285,0.13740986501940228,1.788984423064489,1.7762094367963346,0.12195424858847369,0.7060387049196628,0.7085905796650745,0.05758075003120952,0.011859892517141554,0.011124330755502676,0.0046415055500857606,0.991728525980912,1.0,0.03410179750464616,0.008271474019088019,0.0,0.03410179750464616,0.0,0.0,0.0,affinity,ubcf,pearson,False,3,25.0,0.0004042079672217369
